bankCode,bic,bankName,postalCode,city,flags
00100,SNBZCHZZXXX,Schweizerische Nationalbank,8022,Zürich,
01007,SNBZCHZZDX2,Schweizerische Nationalbank Transit wCBDC,8022,Zürich,
00110,SNBZCHZZXXX,Schweizerische Nationalbank,3003,Bern,
00115,SNBZCHZZXXX,Schweizerische Nationalbank,3003,Bern,
00193,SECGDEFFXXX,SECB Swiss Euro Clearing Bank,60318,Frankfurt am Main,
00202,UBSWCHZH86N,UBS Switzerland AG,8610,Uster 1,
00203,UBSWCHZH93A,UBS Switzerland AG,9320,Arbon,
00204,UBSWCHZH70E,UBS Switzerland AG,7050,Arosa,
00206,UBSWCHZH80V,UBS Switzerland AG,8098,Zürich,
00207,UBSWCHZH81M,UBS Switzerland AG,8180,Bülach,
00208,UBSWCHZH70A,UBS Switzerland AG,7002,Chur,
00209,UBSWCHZH72D,UBS Switzerland AG,7270,Davos Platz 1,
00210,UBSWCHZH52A,UBS Switzerland AG,5201,Brugg AG,
00211,UBSWCHZH31A,UBS Switzerland AG,3186,Düdingen,
00213,UBSWCHZH94N,UBS Switzerland AG,9450,Altstätten SG,
00214,UBSWCHZH88A,UBS Switzerland AG,8810,Horgen 1,
00215,UBSWCHZH12C,UBS Switzerland AG,1211,Genève 2,
00216,UBSWCHZH88B,UBS Switzerland AG,8853,Lachen SZ,
00217,UBSWCHZH82P,UBS Switzerland AG,8280,Kreuzlingen 1,
00219,UBSWCHZH85B,UBS Switzerland AG,8570,Weinfelden,
00220,UBSWCHZH94P,UBS Switzerland AG,9471,Buchs SG 1,
00221,UBSWCHZH75A,UBS Switzerland AG,7500,St. Moritz 1,
00222,UBSWCHZH83B,UBS Switzerland AG,8304,Wallisellen,
00223,UBSWCHZH89D,UBS Switzerland AG,8953,Dietikon 1,
00225,UBSWCHZH80G,UBS Switzerland AG,8098,Zürich,
00226,UBSWCHZH29A,UBS Switzerland AG,2900,Porrentruy 1,
00227,UBSWCHZH36A,UBS Switzerland AG,3601,Thun,
00228,UBSWCHZH12T,UBS Switzerland AG,1260,Nyon 1,
00230,UBSWCHZH80A,UBS Switzerland AG,8098,Zürich,
00231,UBSWCHZH50A,UBS Switzerland AG,5001,Aarau,
00232,UBSWCHZH54A,UBS Switzerland AG,5401,Baden,
00233,UBSWCHZH40A,UBS Switzerland AG,4002,Basel,
00234,UBSWCHZH65A,UBS Switzerland AG,6501,Bellinzona,
00235,UBSWCHZH30A,UBS Switzerland AG,3000,Bern 94,
00236,UBSWCHZH68B,UBS Switzerland AG,6830,Chiasso 1,
00238,UBSWCHZH87C,UBS Switzerland AG,8706,Meilen,
00239,UBSWCHZH85A,UBS Switzerland AG,8501,Frauenfeld,
00240,UBSWCHZH12A,UBS Switzerland AG,1211,Genève 2,
00241,UBSWCHZH38A,UBS Switzerland AG,3800,Interlaken,
00242,UBSWCHZH23A,UBS Switzerland AG,2300,"Chaux-de-Fonds, La",
00243,UBSWCHZH10A,UBS Switzerland AG,1002,Lausanne,
00244,UBSWCHZH96C,UBS Switzerland AG,9620,Lichtensteig,
00245,UBSWCHZH44A,UBS Switzerland AG,4410,Liestal,
00246,UBSWCHZH66A,UBS Switzerland AG,6601,Locarno 1,
00247,UBSWCHZH69A,UBS Switzerland AG,6901,Lugano,
00248,UBSWCHZH60A,UBS Switzerland AG,6002,Luzern,
00249,UBSWCHZH18D,UBS Switzerland AG,1820,Montreux 1,
00250,UBSWCHZH86M,UBS Switzerland AG,8640,Rapperswil SG,
00251,UBSWCHZH80H,UBS Switzerland AG,8032,Zürich,
00252,UBSWCHZH94A,UBS Switzerland AG,9401,Rorschach,
00253,UBSWCHZH86P,UBS Switzerland AG,8630,Rüti ZH,
00254,UBSWCHZH90A,UBS Switzerland AG,9001,St. Gallen,
00255,UBSWCHZH18A,UBS Switzerland AG,1800,Vevey 1,
00256,UBSWCHZH95A,UBS Switzerland AG,9501,Wil SG 1,
00257,UBSWCHZH84A,UBS Switzerland AG,8401,Winterthur,
00258,UBSWCHZH56B,UBS Switzerland AG,5610,Wohlen AG 1,
00259,UBSWCHZH87B,UBS Switzerland AG,8702,Zollikon,
00260,UBSWCHZH17A,UBS Switzerland AG,1701,Fribourg,
00261,UBSWCHZH46A,UBS Switzerland AG,4600,Olten,
00262,UBSWCHZH45A,UBS Switzerland AG,4502,Solothurn,
00263,UBSWCHZH39A,UBS Switzerland AG,3900,Brig/Brigue,
00264,UBSWCHZH19B,UBS Switzerland AG,1920,Martigny 1,
00265,UBSWCHZH19E,UBS Switzerland AG,1951,Sion/Sitten,
00266,UBSWCHZH16C,UBS Switzerland AG,1630,Bulle,
00267,UBSWCHZH80K,UBS Switzerland AG,8098,Zürich,
00268,UBSWCHZH39L,UBS Switzerland AG,3960,Sierre/Siders,
00269,UBSWCHZH80M,UBS Switzerland AG,8050,Zürich,
00270,UBSWCHZH80N,UBS Switzerland AG,8098,Zürich,
00271,UBSWCHZH80A,UBS Switzerland AG,8098,Zürich,
00272,UBSWCHZH25A,UBS Switzerland AG,2501,Biel/Bienne,
00273,UBSWCHZH63A,UBS Switzerland AG,6301,Zug,
00274,UBSWCHZH80Q,UBS Switzerland AG,8098,Zürich,
00275,UBSWCHZH80R,UBS Switzerland AG,8049,Zürich,
00276,UBSWCHZH89E,UBS Switzerland AG,8910,Affoltern am Albis,
00277,UBSWCHZH18L,UBS Switzerland AG,1870,Monthey 2,
00278,UBSWCHZH83A,UBS Switzerland AG,8302,Kloten,
00279,UBSWCHZH12B,UBS Switzerland AG,1211,Genève 2,
00283,UBSWCHZH81H,UBS Switzerland AG,8152,Glattbrugg,
00284,UBSWCHZH87D,UBS Switzerland AG,8750,Glarus,
00285,UBSWCHZH80P,UBS Switzerland AG,8048,Zürich,
00286,UBSWCHZH80A,UBS Switzerland AG,8098,Zürich,
00287,UBSWCHZH82A,UBS Switzerland AG,8201,Schaffhausen,
00288,UBSWCHZH60G,UBS Switzerland AG,6021,Emmenbrücke 1,
00290,UBSWCHZH20A,UBS Switzerland AG,2001,Neuchâtel,
00291,UBSWCHZH81A,UBS Switzerland AG,8105,Regensdorf 1,
00292,UBSWCHZH40M,UBS Switzerland AG,4002,Basel,
00293,UBSWCHZH88C,UBS Switzerland AG,8803,Rüschlikon,
00294,UBSWCHZH39G,UBS Switzerland AG,3930,Visp/Viège,
00295,UBSWCHZH94F,UBS Switzerland AG,9430,St. Margrethen SG,
00296,UBSWCHZH86Q,UBS Switzerland AG,8620,Wetzikon ZH 2,
00297,UBSWCHZH14A,UBS Switzerland AG,1401,Yverdon-les-Bains,
00298,UBSWCHZH80A,UBS Switzerland AG,8098,Zürich,
30000,POFICHBEXXX,PostFinance AG,3030,Bern,
30002,BHFBCHZZXXX,ODDO BHF (Schweiz) AG,8002,Zürich,
30003,ZURICHZFZLT,Zürich Lebensvers.-Ges. AG Individual Life geb. Vermögen,8002,Zürich,
30004,ZURICHZFZKT,Zürich Lebensvers.-Ges. AG Group Life geb. Vermögen,8002,Zürich,
30005,UBSWCHZH80A,UBS Switzerland AG,8098,Zürich,
30006,ZURICHZFZNT,Zürich Versicherungs.-Ges. AG gebundenes Vermögen,8002,Zürich,
30010,AGRICHGGXXX,CA Indosuez (Switzerland) SA,1211,Genève 11,
30020,RBABCH22180,Crédit Mutuel de la Vallée SA,1347,"Sentier, Le",
30021,RBABCH22182,Caisse d'Epargne de Cossonay société coopérative,1304,Cossonay-Ville,
30022,RBABCH22186,Sparkasse Sense,1712,Tafers/Tavel,
30023,RBABCH22240,Caisse d'Epargne Courtelary SA,2608,Courtelary,
30024,VABECH22XXX,Valiant Bank AG,3001,Bern,
30026,RBABCH22313,Bernerland Bank AG,3454,Sumiswald,
30027,RBABCH22342,SB Saanen Bank AG,3792,Saanen,
30028,RBABCH22363,Bank SLM AG,3110,Münsingen,
30029,RBABCH22374,Spar+Leihkasse Riggisberg AG,3132,Riggisberg,
30030,RBABCH22382,Burgerliche Ersparniskasse Bern Genossenschaft,3001,Bern,
30031,RBABCH22387,Ersparniskasse Affoltern i. E. AG,3462,Weier im Emmental,
30032,RBABCH22XXX,Entris Banking AG,3073,Gümligen,
30033,RBABCH22428,Clientis Sparkasse Oftringen Genossenschaft,4665,Oftringen,
30034,RBABCH22434,Clientis Bank im Thal AG,4710,Balsthal,
30035,RBABCH22450,Bank Oberaargau AG,4950,Huttwil,
30036,RBABCH22575,Clientis Bank Aareland AG,5024,Küttigen,
30037,RBABCH22588,Bank Leerau Genossenschaft,5054,Kirchleerau,
30038,RBABCH22633,Sparkasse Schwyz AG,6431,Schwyz,
30040,RBABCH22670,Clientis Entlebucher Bank AG,6170,Schüpfheim,
30042,RBABCH22807,GRB Glarner Regionalbank Genossenschaft,8762,Schwanden,
30043,BSZHCHZZXXX,Sparhafen Bank AG,8001,Zürich,
30044,RBABCH22814,Sparcassa 1816 Genossenschaft,8820,Wädenswil,
30045,RBABCH22824,BANK ZIMMERBERG AG,8810,Horgen 1,
30046,RBABCH22828,acrevis Bank AG (ex Regiobank Männedorf),8708,Männedorf,
30047,RBABCH22830,Lienhardt & Partner Privatbank Zürich AG,8024,Zürich,
30048,RBABCH22835,Ersparniskasse Schaffhausen AG,8201,Schaffhausen,
30049,RBABCH22850,Bank Avera Genossenschaft,8620,Wetzikon ZH,
30050,RBABCH22858,BS Bank Schaffhausen AG,8213,Neunkirch,
30051,RBABCH22866,Spar- und Leihkasse Thayngen AG,8240,Thayngen,
30053,RBABCH22875,Leihkasse Stammheim AG,8477,Oberstammheim,
30054,RBABCH22877,Zürcher Landbank AG,8353,Elgg,
30055,RBABCH22888,Bank BSU Genossenschaft,8610,Uster 1,
30056,ACRGCH22XXX,acrevis Bank AG,9004,St. Gallen,
30057,ARBHCH22XXX,Alpha RHEINTAL Bank AG,9435,Heerbrugg,
30058,RBABCH22935,Clientis Bank Oberuzwil AG,9242,Oberuzwil,
30060,RBABCH22955,Clientis Bank Toggenburg AG,9533,Kirchberg SG,
30061,RBABCH22964,Bank in Zuzwil,9524,Zuzwil SG,
30062,RBABCH22977,Clientis Bank Thur Genossenschaft,9642,Ebnat-Kappel,
30063,RBABCH22980,Biene Bank im Rheintal Genossenschaft,9450,Altstätten SG,
30110,POSOCH22XXX,Banca Popolare di Sondrio (Suisse) SA,6901,Lugano 1,
30111,AMNSLI22XXX,Amnis Europe AG,9490,Vaduz,
30113,AGRICHGXXXX,Crédit Agricole next Bank (Suisse) SA,1212,Grand-Lancy,
30114,CMBNCHZHXXX,Cembra Money Bank AG,8048,Zürich,
30115,SLWYCH21XXX,Spar- und Leihkasse Wynigen AG,3472,Wynigen,
30116,HYPLCH22XXX,Hypothekarbank Lenzburg AG,5600,Lenzburg 1,
30117,ERSCCH21XXX,Ersparniskasse Speicher,9042,Speicher,
30118,KBSOCH22XXX,Baloise Bank AG,4500,Solothurn,
30119,BLFLCHBBXXX,LGT Bank (Schweiz) AG,4002,Basel,
30121,CDDVCH21XXX,"Caisse d'Epargne Riviera, société coopérative",1800,Vevey 1,
30122,BZSDCH22XXX,Bezirks-Sparkasse Dielsdorf Genossenschaft,8157,Dielsdorf,
30123,ABSOCH22XXX,Alternative Bank Schweiz AG,4600,Olten,
30124,WIRBCHBBXXX,WIR Bank Genossenschaft,4002,Basel,
30125,FRGGCHB1XXX,Freie Gemeinschaftsbank Genossenschaft,4002,Basel,
30126,EKIICH22XXX,Bank EKI Genossenschaft,3800,Interlaken,
30127,EEKBCH22XXX,Bank EEK AG,3001,Bern,
30128,SLBUCH22XXX,Spar- und Leihkasse Bucheggberg,4584,Lüterswil,
30129,SLGUCH2MXXX,Spar + Leihkasse Gürbetal AG,3127,Mühlethurnen,
30130,RBABCH22DCB,DC Bank AG,3001,Bern,
30131,VZDBCHZZXXX,VZ Depotbank AG,6300,Zug,
30132,MIGRCHZZXXX,Migros Bank AG,8010,Zürich,
30133,BCLRCHBBXXX,Bank Cler AG,4002,Basel,
30141,CBLUCH22XXX,Cornèr Banca SA,6901,Lugano,
30143,BGAGCH22XXX,Bank Gantrisch Genossenschaft,3150,Schwarzenburg,
30144,EKRUCH21XXX,Ersparniskasse Rüeggisberg Genossenschaft,3088,Rüeggisberg,
30145,BBOBCH22XXX,BBO Bank Brienz Oberhasli AG,3855,Brienz,
30146,SBTICH22XXX,Società Bancaria Ticinese,6501,Bellinzona,
30147,BTVACH22XXX,"BTV Vier Länder Bank AG Innsbruck, Zweigniederlassung Staad",9422,Staad SG,
30151,BZBKCH2WXXX,BZ Bank Aktiengesellschaft,8832,Wilen b. Wollerau,
30152,CHASCHGXXXX,"JPMorgan Chase Bank, National Association, Columbus",8027,Zürich,
30153,BASECH22XXX,Banca del Sempione SA,6901,Lugano 1,
30154,BPPBCHGGXXX,"BNP PARIBAS, Paris, succursale de Lancy/Genève",1212,Grand-Lancy,
30156,HSBCCHZZXXX,"HSBC Bank plc, London, Zweigniederlassung Zürich",8002,Zürich,
30157,AEKTCH22XXX,AEK BANK 1826 Genossenschaft,3601,Thun,
30159,CIALCHBBXXX,Bank CIC (SCHWEIZ) AG,4001,Basel,
30162,LINSCH23XXX,LLB (Schweiz) AG,8730,Uznach,
30163,BKTHCH22XXX,Bank Thalwil Genossenschaft,8800,Thalwil,
30164,AGRICHGGXXX,CA Indosuez (Switzerland) SA,1211,Genève 11,
30165,SARACHBBXXX,Bank J. Safra Sarasin AG,4002,Basel,
30166,BSSACHGGXXX,CBH - Compagnie Bancaire Helvétique SA,1211,Genève 3,
30167,DEUTCHZZXXX,Deutsche Bank AG Zürich Branch,8021,Zürich,
30168,SWQBCHZZXXX,Swissquote Bank SA,1196,Gland,
30169,SLFFCH22XXX,Spar- und Leihkasse Frutigen AG,3714,Frutigen,
30170,RSOSCH22XXX,Regiobank Solothurn AG,4502,Solothurn,
30172,LILALI2XXXX,Liechtensteinische Landesbank Aktiengesellschaft,9490,Vaduz,
30173,NBANLI22XXX,Neue Bank AG,9490,Vaduz,
30174,VPBVLI2XXXX,VP Bank AG,9490,Vaduz,
30175,BLFLLI2XXXX,LGT Bank AG,9490,Vaduz,
30176,RBABCH22VLH,"Hypo Vorarlberg Bank AG, Bregenz, Zweigniederl., St. Gallen",9004,St. Gallen,
30177,COBACHZHXXX,"COMMERZBANK AG FF, Zweigniederlassung Zürich",8001,Zürich,
30178,SKBPCH22XXX,Sparkasse Bundespersonal,3003,Bern,
30180,BSCHCHGGXXX,Banco Santander International SA,1211,Genève 1,
30182,FSUICHGGXXX,Nexent Bank (Suisse) SA,1204,Genève,
30184,IVESCHZZXXX,Investec Bank (Switzerland) AG,8022,Zürich,
30186,ANPRCH22XXX,Banque Richelieu (Schweiz) AG,8008,Zürich,
30188,FVLBCHZZXXX,Van Lanschot Kempen (Schweiz) AG,8034,Zürich,
30189,BILSCHZZXXX,Banque Internationale à Luxembourg (Suisse) SA,8001,Zürich,
30190,BBVACHZZXXX,BBVA SA,8021,Zürich,
30194,FBGSCHZZXXX,Frankfurter Bankgesellschaft (Schweiz) AG,8022,Zürich,
30196,VRLLCHZZXXX,Bank von Roll AG,8027,Zürich,
30197,SYCOCHGGXXX,Banque SYZ SA,1201,Geneva,
30198,CAGYCH21XXX,Caisse d'Epargne de Nyon société coopérative,1260,Nyon,
30199,RBABCH22CEA,Caisse d'Epargne d'Aubonne Sociéte coopérative,1170,Aubonne,
30201,AEXTCHZZXXX,Banque Algérienne du Commerce Extérieur SA,8001,Zürich,
30202,CDEMCH21XXX,Caisse d'Epargne et de Crédit Mutuel de Chermignon,3971,Chermignon,
30203,ISAECH2NXXX,"CACEIS Bank, Montrouge, succursale de Nyon / Suisse",1260,Nyon,
30206,NEPICHZZXXX,NPB Neue Privat Bank AG,8024,Zürich,
30207,QNBACHGGXXX,QNB (Suisse) SA,1201,Genève,
30208,MGTCCHGGXXX,J.P. Morgan (Suisse) SA,1211,Genève 11,
30209,REYLCHGGXXX,Intesa Sanpaolo Wealth Management SA,1204,Genève,
30210,NBOKCHGGXXX,NBK Banque Privée (Suisse) SA,1204,Genève,
30211,BBRUCHGTXXX,"ING Bank N.V., Amsterdam, succursale de Lancy/Genève",1213,Petit-Lancy,
30212,BABRCHGGXXX,Banque Eric Sturdza SA,1211,Genève 3,
30213,BCRECH22XXX,Banca Credinvest SA,6902,Lugano,
30214,VRBPCH22XXX,Banca Aletti & C. (Suisse) SA,6900,Lugano,
30216,UNCECH22XXX,Axion SWISS Bank SA,6900,Lugano,
30217,NBPSCHGGXXX,FAB Private Bank (Suisse) SA,1211,Genève 11,
30218,BAMRCHZZXXX,Mercantil Bank (Schweiz) AG,8036,Zürich,
30220,VPBVCHZHXXX,VP Bank (Schweiz) AG,8001,Zürich,
30221,SELVCHGGXXX,SELVI & Cie SA,1211,Genève 11,
30223,BEGOCHZZXXX,Bergos AG,8034,Zürich,
30224,BLOMCHGGXXX,BANQUE BANORIENT (SUISSE) SA,1206,Genève,
30225,SCOPCHBBXXX,Scobag Privatbank AG,4010,Basel,
30226,CCIECHGGXXX,Hyposwiss Private Bank Genève SA,1211,Genève 1,
30228,GRAFCH22XXX,Privatbank Von Graffenried AG,3001,Bern,
30229,DREYCHBBXXX,"Dreyfus Söhne & Cie AG, Banquiers",4002,Basel,
30230,BONHCH22XXX,Banque Bonhôte & Cie SA,2001,Neuchâtel,
30231,PRIBCHGGXXX,Edmond de Rothschild (Suisse) S.A,1211,Genève 11,
30232,TRAPCHBBXXX,Trafina Privatbank AG,4020,Basel,
30233,MAEBCHZZXXX,"Maerki, Baumann & Co. AG",8022,Zürich,
30234,MEDSCHGGXXX,Banque Des Monts Blancs SA,1211,Genève,
30237,BACECH22XXX,Banca del Ceresio SA,6901,Lugano,
30238,EUBACH22XXX,Banca Zarattini & Co. SA,6900,Lugano,
30239,GENOCHZZXXX,DZ PRIVATBANK (Schweiz) AG,8022,Zürich,
30240,EFGBCHGGXXX,EFG Bank European Financial Group SA,1211,Genève 2,
30241,NBSZCHZZXXX,Nomura Bank (Switzerland) Ltd,8021,Zürich,
30243,AUDSCHGGXXX,Banque Audi (Suisse) SA,1211,Genève 12,
30244,BPCPCHGGXXX,Banque de Commerce et de Placements SA,1211,Genève 3,
30245,BJHSCHZZXXX,Schroder & Co Bank AG,8021,Zürich,
30246,CBSWCHZZXXX,Citibank (Switzerland) AG,8010,Zürich,
30248,UBPGCHGGXXX,"Union Bancaire Privée, UBP SA",1211,Genève 1,
30249,DEUTCHGGXXX,Deutsche Bank (Suisse) S.A.,1201,Genève 1,
30250,RKBZCHZZXXX,GPB (Schweiz) AG,8032,Zürich,
30251,ROTACHZZXXX,Rothschild & Co Bank AG,8034,Zürich,
30252,PKBSCH22XXX,PKB PRIVATE BANK SA,6900,Lugano,
30253,EFGBCHZZXXX,EFG Bank AG,8022,Zürich,
30254,BLICCHGGXXX,HSBC Private Bank (Suisse) SA,1211,Genève 1,
30256,CITICHZZXXX,"Citibank N.A., Sioux Falls",8010,Zürich,
30259,SGABCHZZXXX,Société Générale,8021,Zürich,
30260,ARBSCHZZXXX,Arab Bank (Switzerland) Ltd.,1204,Genève,
30261,GONECHGGXXX,Gonet & Cie SA,1211,Genève 11,
30262,BOFACH2XXXX,"Bank of America Europe DAC, Dublin, Zurich Branch",8002,Zürich,
30263,CRAMCHGGXXX,Banque Cramer & Cie SA,1211,Genève 12,
30264,BARCCHGGXXX,Barclays Bank (Suisse) SA,1211,Genève 3,
30269,BAUMCHBBXXX,Baumann & Cie KmG,4002,Basel,
30270,VONTCHZZXXX,Bank Vontobel AG,8022,Zürich,
30272,REICCH22XXX,Reichmuth & Co.,6000,Luzern 7,
30273,BORDCHGGXXX,Bordier & Cie SCmA,1211,Genève 11,
30275,MIRACHGGXXX,Mirabaud & Cie SA,1211,Genève 11,
30277,PIGUCH22XXX,Piguet Galland & Cie SA,1401,Yverdon-les-Bains,
30283,HBZUCHZZXXX,Habib Bank AG Zürich,8042,Zürich,
30285,TMBECH22XXX,IBKR Financial Services AG,6300,Zug,
30286,INCOCHZZXXX,InCore Bank AG,8952,Schlieren,
30288,HYIBLI22XXX,BENDURA BANK AG,9487,Gamprin-Bendern,
30289,SERBLI22XXX,Kaiser Partner Privatbank AG,9490,Vaduz,
30290,BFRILI22XXX,Bank Frick AG,9496,Balzers,
30291,VOAGLI22XXX,SIGMA Bank AG,9494,Schaan,
30295,DOMICHZZXXX,Tellco Bank AG,6430,Schwyz,
30296,CIMMCHGGXXX,CIM Banque SA,1211,Genève 6,
30297,TXBZCHZZXXX,TradeXBank AG,8002,Zürich,
30299,ABSGCHGGXXX,S.P. Hinduja Banque Privée SA,1211,Genève 1,
00303,UBSWCHZHW03,UBS Switzerland AG,8098,Zürich,
30308,UBSWCHZH80A,UBS Switzerland AG,8098,Zürich,
30311,CAGLCHGGXXX,"ABANCA CORPORACION BANCARIA S.A., BETANZOS",1211,Genève 1,
30313,BLEMCHGGXXX,Banque du Léman SA,1201,Genève,
30314,QVCHCHZHXXX,Quilvest (Switzerland) Ltd.,8001,Zürich,
30315,ITAUCHZZXXX,Banco Itaú (Suisse) SA,8002,Zürich,
30316,GLBNCHZZXXX,Globalance Bank AG,8002,Zürich,
30317,DUBACHGGXXX,Dukascopy Bank SA,1215,Genève 15,
30318,SFBFCH22XXX,Helvetische Bank AG,8008,Zürich,
30319,AQULCHZZXXX,Aquila AG,8001,Zürich,
30321,SYGNCHZZXXX,Sygnum Bank AG,8045,Zürich,
30322,SCRYCH22XXX,AMINA Bank AG,6300,Zug,
30324,RMCOCHBBXXX,Remaco Asset Management AG,4020,Basel,
30325,LFFSCHGGXXX,LF Finance (Suisse) SA,1211,Genève 3,
30326,SSBECHZZXXX,"State Street Bank International GmbH, München, ZN Zürich",8045,Zürich,
30327,ZAPRCH22XXX,Zähringer Privatbank AG,3011,Bern,
30328,BISBCHBBXXX,BIZ Bank für Internationalen Zahlungsausgleich,4002,Basel,
30329,ICBKCHZZXXX,Industrial and Commercial Bank of China Limited,8001,Zürich,
30330,JLSECHGGXXX,JL Securities SA,1204,Genève,
30331,FIDHCHGGXXX,Fidurhône SA,1207,Genéve,
30333,PRBECHZZXXX,Privatbank Bellerive AG,8034,Zürich,
00304,UBSWCHZHW04,UBS Switzerland AG,8098,Zürich,
00305,UBSWCHZHW05,UBS Switzerland AG,8098,Zürich,
30520,CITIGB2LXXX,Citibank N.A.,E14 5LB,London,
00306,UBSWCHZHW06,UBS Switzerland AG,8098,Zürich,
30700,ZKBKCHZZ80A,Zürcher Kantonalbank,8010,Zürich,
30761,KBAGCH22XXX,Aargauische Kantonalbank,5001,Aarau,
30763,AIKACH22XXX,Appenzeller Kantonalbank,9050,Appenzell,
30764,BSCTCH22XXX,Banca dello Stato del Cantone Ticino,6501,Bellinzona,
30765,BCVSCH2LXXX,Banque Cantonale du Valais,1951,Sion/Sitten,
30766,BCNNCH22XXX,Banque Cantonale Neuchâteloise,2001,Neuchâtel,
30767,BCVLCH2LXXX,Banque Cantonale Vaudoise,1001,Lausanne,
30768,BEFRCH22XXX,Banque Cantonale de Fribourg,1701,Fribourg,
30769,BLKBCH22XXX,Basellandschaftliche Kantonalbank,4410,Liestal,
30770,BKBBCHBBXXX,Basler Kantonalbank,4051,Basel,
30773,GLKBCH22XXX,Glarner Kantonalbank,8750,Glarus,
30774,GRKBCH2270A,Graubündner Kantonalbank,7001,Chur,
30777,KBSZCH22XXX,Schwyzer Kantonalbank,6431,Schwyz,
30778,LUKBCH2260A,Luzerner Kantonalbank AG,6002,Luzern,
30779,NIKACH22XXX,Nidwaldner Kantonalbank,6371,Stans,
30780,OBWKCH22XXX,Obwaldner Kantonalbank,6060,Sarnen,
30781,KBSGCH22XXX,St. Galler Kantonalbank AG,9001,St. Gallen,
30782,SHKBCH2SXXX,Schaffhauser Kantonalbank,8201,Schaffhausen,
30784,KBTGCH22XXX,Thurgauer Kantonalbank,8570,Weinfelden,
30785,URKNCH22XXX,Urner Kantonalbank,6460,Altdorf UR,
30787,KBZGCH22XXX,Zuger Kantonalbank,6301,Zug,
30788,BCGECHGGXXX,Banque Cantonale de Genève,1211,Genève 2,
30789,BCJUCH22XXX,Banque Cantonale du Jura SA,2900,Porrentruy 2,
30790,KBBECH22XXX,Berner Kantonalbank AG,3001,Bern,
00308,UBSWCHZHW08,UBS Switzerland AG,8098,Zürich,
30808,RAIFCH22XXX,Raiffeisen,9001,St. Gallen,
31101,KLARCH22XXX,Bivial AG,6300,Zug,
00315,UBSBCHZZXXX,UBS AG,8098,Zürich,
06180,RBABCH22180,Crédit Mutuel de la Vallée SA,1347,"Sentier, Le",
06182,RBABCH22182,Caisse d'Epargne de Cossonay société coopérative,1304,Cossonay-Ville,
06186,RBABCH22186,Sparkasse Sense,1712,Tafers/Tavel,
61861,RBABCH22186,Sparkasse Sense,3185,Schmitten FR,
06240,RBABCH22240,Caisse d'Epargne Courtelary SA,2608,Courtelary,
62401,RBABCH22240,Caisse d'Epargne Courtelary SA,2720,Tramelan,
62402,RBABCH22240,Caisse d'Epargne Courtelary SA,2610,St-Imier,
62403,RBABCH22240,Caisse d'Epargne Courtelary SA,2605,Sonceboz-Sombeval,
06300,VABECH22XXX,Valiant Bank AG,3001,Bern,
06313,RBABCH22313,Bernerland Bank AG,3454,Sumiswald,
06336,RBABCH22CLI,Clientis AG,3000,Bern 7,
06342,RBABCH22342,SB Saanen Bank AG,3792,Saanen,
06363,RBABCH22363,Bank SLM AG,3110,Münsingen,
06374,RBABCH22374,Spar+Leihkasse Riggisberg AG,3132,Riggisberg,
06382,RBABCH22382,Burgerliche Ersparniskasse Bern Genossenschaft,3001,Bern,
06387,RBABCH22387,Ersparniskasse Affoltern i. E. AG,3462,Weier im Emmental,
06395,RBABCH22XXX,Entris Banking AG,3073,Gümligen,
06428,RBABCH22428,Clientis Sparkasse Oftringen Genossenschaft,4665,Oftringen,
06434,RBABCH22434,Clientis Bank im Thal AG,4710,Balsthal,
06450,RBABCH22450,Bank Oberaargau AG,4950,Huttwil,
06575,RBABCH22575,Clientis Bank Aareland AG,5024,Küttigen,
06588,RBABCH22588,Bank Leerau Genossenschaft,5054,Kirchleerau,
06633,RBABCH22633,Sparkasse Schwyz AG,6431,Schwyz,
06670,RBABCH22670,Clientis Entlebucher Bank AG,6170,Schüpfheim,
66701,RBABCH22670,Clientis Entlebucher Bank AG,6162,Entlebuch,
66702,RBABCH22670,Clientis Entlebucher Bank AG,6182,Escholzmatt,
06807,RBABCH22807,GRB Glarner Regionalbank Genossenschaft,8762,Schwanden,
06808,BSZHCHZZXXX,Sparhafen Bank AG,8001,Zürich,
06814,RBABCH22814,Sparcassa 1816 Genossenschaft,8820,Wädenswil,
68141,RBABCH22814,Sparcassa 1816 Genossenschaft,8805,Richterswil,
68142,RBABCH22814,Sparcassa 1816 Genossenschaft,8910,Affoltern am Albis,
68143,RBABCH22814,Sparcassa 1816 Genossenschaft,8907,Wettswil,
68144,RBABCH22814,Sparcassa 1816 Genossenschaft,8932,Mettmenstetten,
06824,RBABCH22824,BANK ZIMMERBERG AG,8810,Horgen 1,
68241,RBABCH22824,BANK ZIMMERBERG AG,8942,Oberrieden,
68242,RBABCH22824,BANK ZIMMERBERG AG,8816,Hirzel,
06828,RBABCH22828,acrevis Bank AG (ex Regiobank Männedorf),8708,Männedorf,
06830,RBABCH22830,Lienhardt & Partner Privatbank Zürich AG,8024,Zürich,
06835,RBABCH22835,Ersparniskasse Schaffhausen AG,8201,Schaffhausen,
06850,RBABCH22850,Bank Avera Genossenschaft,8620,Wetzikon ZH,
06858,RBABCH22858,BS Bank Schaffhausen AG,8213,Neunkirch,
06866,RBABCH22866,Spar- und Leihkasse Thayngen AG,8240,Thayngen,
06875,RBABCH22875,Leihkasse Stammheim AG,8477,Oberstammheim,
06877,RBABCH22877,Zürcher Landbank AG,8353,Elgg,
06888,RBABCH22888,Bank BSU Genossenschaft,8610,Uster 1,
06900,ACRGCH22XXX,acrevis Bank AG,9004,St. Gallen,
06920,ARBHCH22XXX,Alpha RHEINTAL Bank AG,9435,Heerbrugg,
06935,RBABCH22935,Clientis Bank Oberuzwil AG,9242,Oberuzwil,
06955,RBABCH22955,Clientis Bank Toggenburg AG,9533,Kirchberg SG,
06964,RBABCH22964,Bank in Zuzwil,9524,Zuzwil SG,
06977,RBABCH22977,Clientis Bank Thur Genossenschaft,9642,Ebnat-Kappel,
06980,RBABCH22980,Biene Bank im Rheintal Genossenschaft,9450,Altstätten SG,
00700,ZKBKCHZZ80A,Zürcher Kantonalbank,8010,Zürich,
00702,ZKBKCHZZ80A,Zürcher Kantonalbank,8036,Zürich,
00703,ZKBKCHZZ80A,Zürcher Kantonalbank,8010,Zürich,
00704,ZKBKCHZZ80A,Zürcher Kantonalbank,8712,Stäfa,
00705,ZKBKCHZZ80A,Zürcher Kantonalbank,8604,Volketswil,
00706,ZKBKCHZZ80A,Zürcher Kantonalbank,8953,Dietikon 1,
00708,ZKBKCHZZ80A,Zürcher Kantonalbank,8046,Zürich,
00709,ZKBKCHZZ80A,Zürcher Kantonalbank,8902,Urdorf,
00710,ZKBKCHZZ80A,Zürcher Kantonalbank,8126,Zumikon,
00711,ZKBKCHZZ80A,Zürcher Kantonalbank,8048,Zürich,
00712,ZKBKCHZZ80A,Zürcher Kantonalbank,8036,Zürich,
00713,ZKBKCHZZ80A,Zürcher Kantonalbank,8032,Zürich,
00714,ZKBKCHZZ80A,Zürcher Kantonalbank,8042,Zürich,
00715,ZKBKCHZZ80A,Zürcher Kantonalbank,8036,Zürich,
00716,ZKBKCHZZ80A,Zürcher Kantonalbank,8005,Zürich,
00717,ZKBKCHZZ80A,Zürcher Kantonalbank,8038,Zürich,
00718,ZKBKCHZZ80A,Zürcher Kantonalbank,8051,Zürich,
00719,ZKBKCHZZ80A,Zürcher Kantonalbank,8052,Zürich,
00720,ZKBKCHZZ80A,Zürcher Kantonalbank,8047,Zürich,
00721,ZKBKCHZZ80A,Zürcher Kantonalbank,8910,Affoltern am Albis,
00722,ZKBKCHZZ80A,Zürcher Kantonalbank,8450,Andelfingen,
00723,ZKBKCHZZ80A,Zürcher Kantonalbank,8494,Bauma,
00724,ZKBKCHZZ80A,Zürcher Kantonalbank,8180,Bülach,
00725,ZKBKCHZZ80A,Zürcher Kantonalbank,8157,Dielsdorf,
00726,ZKBKCHZZ80A,Zürcher Kantonalbank,8810,Horgen 1,
00727,ZKBKCHZZ80A,Zürcher Kantonalbank,8706,Meilen,
00728,ZKBKCHZZ80A,Zürcher Kantonalbank,8050,Zürich,
00729,ZKBKCHZZ80A,Zürcher Kantonalbank,8630,Rüti ZH,
00730,ZKBKCHZZ80A,Zürcher Kantonalbank,8610,Uster 1,
00731,ZKBKCHZZ80A,Zürcher Kantonalbank,8636,Wald ZH,
00732,ZKBKCHZZ80A,Zürcher Kantonalbank,8401,Winterthur,
00733,ZKBKCHZZ80A,Zürcher Kantonalbank,8307,Effretikon,
00734,ZKBKCHZZ80A,Zürcher Kantonalbank,8053,Zürich,
00735,ZKBKCHZZ80A,Zürcher Kantonalbank,8132,Egg b. Zürich,
00736,ZKBKCHZZ80A,Zürcher Kantonalbank,8049,Zürich,
00737,ZKBKCHZZ80A,Zürcher Kantonalbank,8032,Zürich,
00738,ZKBKCHZZ80A,Zürcher Kantonalbank,8152,Glattbrugg,
00739,ZKBKCHZZ80A,Zürcher Kantonalbank,8634,Hombrechtikon,
00740,ZKBKCHZZ80A,Zürcher Kantonalbank,8600,Dübendorf 1,
00741,ZKBKCHZZ80A,Zürcher Kantonalbank,8193,Eglisau,
00742,ZKBKCHZZ80A,Zürcher Kantonalbank,8320,Fehraltorf,
00743,ZKBKCHZZ80A,Zürcher Kantonalbank,8245,Feuerthalen,
00744,ZKBKCHZZ80A,Zürcher Kantonalbank,8302,Kloten,
00745,ZKBKCHZZ80A,Zürcher Kantonalbank,8700,Küsnacht ZH,
00746,ZKBKCHZZ80A,Zürcher Kantonalbank,8708,Männedorf,
00747,ZKBKCHZZ80A,Zürcher Kantonalbank,8805,Richterswil,
00748,ZKBKCHZZ80A,Zürcher Kantonalbank,8952,Schlieren,
00749,ZKBKCHZZ80A,Zürcher Kantonalbank,8800,Thalwil,
00750,ZKBKCHZZ80A,Zürcher Kantonalbank,8488,Turbenthal,
00751,ZKBKCHZZ80A,Zürcher Kantonalbank,8304,Wallisellen,
00752,ZKBKCHZZ80A,Zürcher Kantonalbank,8330,Pfäffikon ZH,
00753,ZKBKCHZZ80A,Zürcher Kantonalbank,8404,Winterthur,
00754,ZKBKCHZZ80A,Zürcher Kantonalbank,8340,Hinwil,
00755,ZKBKCHZZ80A,Zürcher Kantonalbank,8622,Wetzikon ZH 2,
00756,ZKBKCHZZ80A,Zürcher Kantonalbank,8105,Regensdorf 1,
00757,ZKBKCHZZ80A,Zürcher Kantonalbank,8820,Wädenswil,
00758,ZKBKCHZZ80A,Zürcher Kantonalbank,8134,Adliswil 1,
00759,ZKBKCHZZ80A,Zürcher Kantonalbank,8303,Bassersdorf,
00761,KBAGCH22XXX,Aargauische Kantonalbank,5001,Aarau,
00763,AIKACH22XXX,Appenzeller Kantonalbank,9050,Appenzell,
00764,BSCTCH22XXX,Banca dello Stato del Cantone Ticino,6501,Bellinzona,
76410,BSCTCH22LUG,Banca dello Stato del Cantone Ticino,6901,Lugano,
76411,BSCTCH22XXX,Banca dello Stato del Cantone Ticino,6900,Lugano,
76412,BSCTCH22XXX,Banca dello Stato del Cantone Ticino,6950,Tesserete,
76420,BSCTCH22LOC,Banca dello Stato del Cantone Ticino,6601,Locarno,
76430,BSCTCH22CHI,Banca dello Stato del Cantone Ticino,6830,Chiasso 1,
76440,BSCTCH22XXX,Banca dello Stato del Cantone Ticino,6850,Mendrisio,
76450,BSCTCH22XXX,Banca dello Stato del Cantone Ticino,6710,Biasca,
76460,BSCTCH22XXX,Banca dello Stato del Cantone Ticino,6612,Ascona,
76470,BSCTCH22XXX,Banca dello Stato del Cantone Ticino,6982,Agno,
00765,BCVSCH2LXXX,Banque Cantonale du Valais,1951,Sion/Sitten,
00766,BCNNCH22XXX,Banque Cantonale Neuchâteloise,2001,Neuchâtel,
00767,BCVLCH2LXXX,Banque Cantonale Vaudoise,1001,Lausanne,
76711,BCVLCH2LXXX,Banque Cantonale Vaudoise,1002,Lausanne,
76712,BCVLCH2LXXX,Banque Cantonale Vaudoise,1860,Aigle,
76713,BCVLCH2LXXX,Banque Cantonale Vaudoise,1170,Aubonne,
76714,BCVLCH2LXXX,Banque Cantonale Vaudoise,1580,Avenches,
76715,BCVLCH2LXXX,Banque Cantonale Vaudoise,1880,Bex,
76716,BCVLCH2LXXX,Banque Cantonale Vaudoise,1660,Château-d'Oex,
76717,BCVLCH2LXXX,Banque Cantonale Vaudoise,1304,Cossonay-Ville,
76718,BCVLCH2LXXX,Banque Cantonale Vaudoise,1096,Cully,
76719,BCVLCH2LXXX,Banque Cantonale Vaudoise,1040,Echallens,
76720,BCVLCH2LXXX,Banque Cantonale Vaudoise,1422,Grandson,
76721,BCVLCH2LXXX,Banque Cantonale Vaudoise,1095,Lutry,
76722,BCVLCH2LXXX,Banque Cantonale Vaudoise,1820,Montreux 1,
76723,BCVLCH2LXXX,Banque Cantonale Vaudoise,1110,Morges 1,
76724,BCVLCH2LXXX,Banque Cantonale Vaudoise,1510,Moudon,
76725,BCVLCH2LXXX,Banque Cantonale Vaudoise,1260,Nyon,
76726,BCVLCH2LXXX,Banque Cantonale Vaudoise,1350,Orbe,
76727,BCVLCH2LXXX,Banque Cantonale Vaudoise,1610,Oron-la-Ville,
76728,BCVLCH2LXXX,Banque Cantonale Vaudoise,1530,Payerne,
76729,BCVLCH2LXXX,Banque Cantonale Vaudoise,1020,Renens VD,
76730,BCVLCH2LXXX,Banque Cantonale Vaudoise,1180,Rolle,
76731,BCVLCH2LXXX,Banque Cantonale Vaudoise,1450,Ste-Croix,
76732,BCVLCH2LXXX,Banque Cantonale Vaudoise,1347,"Sentier, Le",
76733,BCVLCH2LXXX,Banque Cantonale Vaudoise,1337,Vallorbe,
76734,BCVLCH2LXXX,Banque Cantonale Vaudoise,1800,Vevey 1,
76735,BCVLCH2LXXX,Banque Cantonale Vaudoise,1401,Yverdon-les-Bains,
76736,BCVLCH2LXXX,Banque Cantonale Vaudoise,1814,"Tour-de-Peilz, La",
76737,BCVLCH2LXXX,Banque Cantonale Vaudoise,1844,Villeneuve VD,
76738,BCVLCH2LXXX,Banque Cantonale Vaudoise,1008,Prilly,
76739,BCVLCH2LXXX,Banque Cantonale Vaudoise,1000,Lausanne,
76740,BCVLCH2LXXX,Banque Cantonale Vaudoise,1854,Leysin,
76741,BCVLCH2LXXX,Banque Cantonale Vaudoise,1884,Villars-sur-Ollon,
76742,BCVLCH2LXXX,Banque Cantonale Vaudoise,1815,Clarens,
76743,BCVLCH2LXXX,Banque Cantonale Vaudoise,1196,Gland,
76744,BCVLCH2LXXX,Banque Cantonale Vaudoise,1009,Pully,
76745,BCVLCH2LXXX,Banque Cantonale Vaudoise,1033,Cheseaux-sur-Lausanne,
76746,BCVLCH2LXXX,Banque Cantonale Vaudoise,1000,Lausanne 12,
76747,BCVLCH2LXXX,Banque Cantonale Vaudoise,1010,Lausanne 10,
76748,BCVLCH2LXXX,Banque Cantonale Vaudoise,1865,"Diablerets, Les",
76749,BCVLCH2LXXX,Banque Cantonale Vaudoise,1000,Lausanne 6,
76750,BCVLCH2LXXX,Banque Cantonale Vaudoise,1030,Bussigny-près-Lausanne,
76751,BCVLCH2LXXX,Banque Cantonale Vaudoise,1018,Lausanne 18,
76752,BCVLCH2LXXX,Banque Cantonale Vaudoise,1305,Penthalaz,
76753,BCVLCH2LXXX,Banque Cantonale Vaudoise,1296,Coppet,
76754,BCVLCH2LXXX,Banque Cantonale Vaudoise,1023,Crissier,
76755,BCVLCH2LXXX,Banque Cantonale Vaudoise,1000,Lausanne 8,
76756,BCVLCH2LXXX,Banque Cantonale Vaudoise,1522,Lucens,
76758,BCVLCH2LXXX,Banque Cantonale Vaudoise,1373,Chavornay,
76761,BCVLCH2LXXX,Banque Cantonale Vaudoise,1807,Blonay,
76762,BCVLCH2LXXX,Banque Cantonale Vaudoise,1071,Chexbres,
76763,BCVLCH2LXXX,Banque Cantonale Vaudoise,1000,Lausanne 3,
76764,BCVLCH2LXXX,Banque Cantonale Vaudoise,1073,Savigny,
76765,BCVLCH2LXXX,Banque Cantonale Vaudoise,1260,Nyon,
76766,BCVLCH2LXXX,Banque Cantonale Vaudoise,1066,Epalinges,
00768,BEFRCH22XXX,Banque Cantonale de Fribourg,1701,Fribourg,
76822,BEFRCH22XXX,Banque Cantonale de Fribourg,1701,Fribourg,
76823,BEFRCH22XXX,Banque Cantonale de Fribourg,1630,Bulle,
76824,BEFRCH22XXX,Banque Cantonale de Fribourg,1618,Châtel-St-Denis,
76825,BEFRCH22XXX,Freiburger Kantonalbank,3210,Kerzers,
76826,BEFRCH22XXX,Banque Cantonale de Fribourg,1564,Domdidier,
76827,BEFRCH22XXX,Banque Cantonale de Fribourg,1470,Estavayer-le-Lac,
76828,BEFRCH22XXX,Banque Cantonale de Fribourg,1726,Farvagny-le-Grand,
76829,BEFRCH22XXX,Freiburger Kantonalbank,3280,Murten/Morat,
76830,BEFRCH22XXX,Banque Cantonale de Fribourg,1680,Romont FR,
76831,BEFRCH22XXX,Freiburger Kantonalbank,1712,Tafers/Tavel,
76832,BEFRCH22XXX,Freiburger Kantonalbank,3186,Düdingen,
76833,BEFRCH22XXX,Banque Cantonale de Fribourg,1702,Fribourg,
76834,BEFRCH22XXX,Banque Cantonale de Fribourg,1616,Attalens,
76835,BEFRCH22XXX,Banque Cantonale de Fribourg,1784,Courtepin,
76836,BEFRCH22XXX,Freiburger Kantonalbank,3175,Flamatt,
76837,BEFRCH22XXX,Banque Cantonale de Fribourg,1754,Avry-sur-Matran,
76838,BEFRCH22XXX,Banque Cantonale de Fribourg,1707,Fribourg,
76839,BEFRCH22XXX,Banque Cantonale de Fribourg,1708,Fribourg,
76840,BEFRCH22XXX,Banque Cantonale de Fribourg,1731,Ependes FR,
76841,BEFRCH22XXX,Banque Cantonale de Fribourg,1637,Charmey (Gruyère),
76842,BEFRCH22XXX,Banque Cantonale de Fribourg,1716,Plaffeien,
76843,BEFRCH22XXX,Banque Cantonale de Fribourg,1611,"Crêt, Le",
00769,BLKBCH22XXX,Basellandschaftliche Kantonalbank,4410,Liestal,
00770,BKBBCHBBXXX,Basler Kantonalbank,4051,Basel,
00773,GLKBCH22XXX,Glarner Kantonalbank,8750,Glarus,
00774,GRKBCH2270A,Graubündner Kantonalbank,7001,Chur,
00777,KBSZCH22XXX,Schwyzer Kantonalbank,6431,Schwyz,
77711,KBSZCH22XXX,Schwyzer Kantonalbank,8840,Einsiedeln,
77712,KBSZCH22XXX,Schwyzer Kantonalbank,8853,Lachen SZ,
77713,KBSZCH22XXX,Schwyzer Kantonalbank,8854,Siebnen,
77714,KBSZCH22XXX,Schwyzer Kantonalbank,6440,Brunnen,
77715,KBSZCH22XXX,Schwyzer Kantonalbank,6403,Küssnacht am Rigi,
77716,KBSZCH22XXX,Schwyzer Kantonalbank,6415,Arth,
77717,KBSZCH22XXX,Schwyzer Kantonalbank,8808,Pfäffikon SZ,
77718,KBSZCH22XXX,Schwyzer Kantonalbank,6410,Goldau,
77719,KBSZCH22XXX,Schwyzer Kantonalbank,8832,Wollerau,
77720,KBSZCH22XXX,Schwyzer Kantonalbank,6442,Gersau,
77721,KBSZCH22XXX,Schwyzer Kantonalbank,6418,Rothenthurm,
77722,KBSZCH22XXX,Schwyzer Kantonalbank,6438,Ibach,
77723,KBSZCH22XXX,Schwyzer Kantonalbank,6423,Seewen SZ,
77724,KBSZCH22XXX,Schwyzer Kantonalbank,6422,Steinen,
77725,KBSZCH22XXX,Schwyzer Kantonalbank,6436,Muotathal,
77726,KBSZCH22XXX,Schwyzer Kantonalbank,8842,Unteriberg,
77727,KBSZCH22XXX,Schwyzer Kantonalbank,6438,Ibach,
77728,KBSZCH22XXX,Schwyzer Kantonalbank,8807,Freienbach,
77729,KBSZCH22XXX,Schwyzer Kantonalbank,8808,Pfäffikon SZ,
77730,KBSZCH22XXX,Schwyzer Kantonalbank,6417,Sattel,
77731,KBSZCH22XXX,Schwyzer Kantonalbank,8856,Tuggen,
77732,KBSZCH22XXX,Schwyzer Kantonalbank,8834,Schindellegi,
77733,KBSZCH22XXX,Schwyzer Kantonalbank,8852,Altendorf,
77734,KBSZCH22XXX,Schwyzer Kantonalbank,8864,Reichenburg,
00778,LUKBCH2260A,Luzerner Kantonalbank AG,6002,Luzern,
77811,LUKBCH2260A,Luzerner Kantonalbank AG,6130,Willisau,
77812,LUKBCH2260A,Luzerner Kantonalbank AG,6170,Schüpfheim,
77813,LUKBCH2260A,Luzerner Kantonalbank AG,6210,Sursee,
77814,LUKBCH2260A,Luzerner Kantonalbank AG,6281,Hochdorf,
77815,LUKBCH2260A,Luzerner Kantonalbank AG,6260,Reiden,
77816,LUKBCH2260A,Luzerner Kantonalbank AG,6020,Emmenbrücke 1,
77817,LUKBCH2260A,Luzerner Kantonalbank AG,6011,Kriens,
77818,LUKBCH2260A,Luzerner Kantonalbank AG,6048,Horw,
77819,LUKBCH2260A,Luzerner Kantonalbank AG,6006,Luzern,
77820,LUKBCH2260A,Luzerner Kantonalbank AG,6031,Ebikon,
77821,LUKBCH2260A,Luzerner Kantonalbank AG,6045,Meggen,
77823,LUKBCH2260A,Luzerner Kantonalbank AG,6014,Luzern,
77824,LUKBCH2260A,Luzerner Kantonalbank AG,6110,Wolhusen,
77825,LUKBCH2260A,Luzerner Kantonalbank AG,6215,Beromünster,
77828,LUKBCH2260A,Luzerner Kantonalbank AG,6285,Hitzkirch,
77829,LUKBCH2260A,Luzerner Kantonalbank AG,6204,Sempach,
77860,LUKBCH2260A,Luzerner Kantonalbank AG,6017,Ruswil,
00779,NIKACH22XXX,Nidwaldner Kantonalbank,6371,Stans,
00780,OBWKCH22XXX,Obwaldner Kantonalbank,6060,Sarnen,
00781,KBSGCH22XXX,St. Galler Kantonalbank AG,9001,St. Gallen,
78102,KBSGCH22XXX,St. Galler Kantonalbank AG,9016,St. Gallen,
78103,KBSGCH22XXX,St. Galler Kantonalbank AG,9014,St. Gallen,
78111,KBSGCH22XXX,St. Galler Kantonalbank AG,9450,Altstätten SG,
78112,KBSGCH22XXX,St. Galler Kantonalbank AG,7310,Bad Ragaz,
78113,KBSGCH22XXX,St. Galler Kantonalbank AG,9470,Buchs SG,
78114,KBSGCH22XXX,St. Galler Kantonalbank AG,9113,Degersheim,
78115,KBSGCH22XXX,St. Galler Kantonalbank AG,8887,Mels,
78116,KBSGCH22XXX,St. Galler Kantonalbank AG,8640,Rapperswil SG,
78117,KBSGCH22XXX,St. Galler Kantonalbank AG,9400,Rorschach,
78118,KBSGCH22XXX,St. Galler Kantonalbank AG,9630,Wattwil,
78119,KBSGCH22XXX,St. Galler Kantonalbank AG,9501,Wil SG 1,
78120,KBSGCH22XXX,St. Galler Kantonalbank AG,9230,Flawil,
78121,KBSGCH22XXX,St. Galler Kantonalbank AG,9473,Gams,
78122,KBSGCH22XXX,St. Galler Kantonalbank AG,9201,Gossau SG,
78123,KBSGCH22XXX,St. Galler Kantonalbank AG,9435,Heerbrugg,
78124,KBSGCH22XXX,St. Galler Kantonalbank AG,9424,Rheineck,
78125,KBSGCH22XXX,St. Galler Kantonalbank AG,9430,St. Margrethen SG,
78126,KBSGCH22XXX,St. Galler Kantonalbank AG,8730,Uznach,
78127,KBSGCH22XXX,St. Galler Kantonalbank AG,9240,Uzwil,
78128,KBSGCH22XXX,St. Galler Kantonalbank AG,8880,Walenstadt,
78129,KBSGCH22XXX,St. Galler Kantonalbank AG,9650,Nesslau,
78130,KBSGCH22XXX,St. Galler Kantonalbank AG,7320,Sargans,
78131,KBSGCH22XXX,St. Galler Kantonalbank AG,9403,Goldach,
78132,KBSGCH22XXX,St. Galler Kantonalbank AG,9642,Ebnat-Kappel,
78158,KBSGCH22XXX,St. Galler Kantonalbank AG,9001,St. Gallen,
00782,SHKBCH2SXXX,Schaffhauser Kantonalbank,8201,Schaffhausen,
78213,SHKBCH2SXXX,Schaffhauser Kantonalbank,8260,Stein am Rhein,
00784,KBTGCH22XXX,Thurgauer Kantonalbank,8570,Weinfelden,
00785,URKNCH22XXX,Urner Kantonalbank,6460,Altdorf,
00787,KBZGCH22XXX,Zuger Kantonalbank,6301,Zug,
00788,BCGECHGGXXX,Banque Cantonale de Genève,1211,Genève 2,
00789,BCJUCH22XXX,Banque Cantonale du Jura SA,2900,Porrentruy 2,
78910,BCJUCH22XXX,Banque Cantonale du Jura SA,2800,Delémont 1,
78920,BCJUCH22XXX,Banque Cantonale du Jura SA,2350,Saignelégier,
00790,KBBECH22XXX,Berner Kantonalbank AG,3001,Bern,
80000,RAIFCH22XXX,Raiffeisen Schweiz,9001,St. Gallen,
80002,RAIFCH22002,Banque Raiffeisen Région Delémont,2800,Delémont,
80005,RAIFCH22005,Raiffeisenbank St.Gallen,9001,St.Gallen,
80027,RAIFCH22027,Banque Raiffeisen  Ajoie,2900,Porrentruy,
80037,RAIFCH22037,Banque Raiffeisen Clos du Doubs et Haute-Ajoie,2882,St-Ursanne,
80051,RAIFCH22051,Banque Raiffeisen Grand Chasseral,2605,Sonceboz-Sombeval,
80059,RAIFCH22059,Banque Raiffeisen Franches-Montagnes,2350,Saignelégier,
80073,RAIFCH22073,Banque Raiffeisen du Val-Terbi,2824,Vicques,
80094,RAIFCH22094,Raiffeisenbank Worblen-Emmental,3507,Biglen,
80097,RAIFCH22097,Raiffeisenbank Laufental-Thierstein,4242,Laufen,
80098,RAIFCH22098,Raiffeisenbank Gürbe,3123,Belp,
80102,RAIFCH22102,Banque Raiffeisen Sarine-Ouest,1782,Belfaux,
80105,RAIFCH22105,Banque Raiffeisen Région Marly-Cousimbert,1728,Rossens FR,
80129,RAIFCH22129,Banque Raiffeisen Moléson,1635,"Tour-de-Trême, La",
80139,RAIFCH22139,Banque Raiffeisen Broye Vully Lac,1564,Domdidier,
80159,RAIFCH22159,Banque Raiffeisen Fribourg-Ouest,1752,Villars-sur-Glâne,
80181,RAIFCH22181,Banque Raiffeisen Région Genève Rhône,1233,Bernex,
80187,RAIFCH22187,Banque Raiffeisen Genève Lac,1208,Genève,
80210,RAIFCH22210,Banque Raiffeisen Villes et Vignobles genevois,1219,Châtelaine,
80237,RAIFCH22237,Banque Raiffeisen des Montagnes Neuchâteloises,2300,"Chaux-de-Fonds, La",
80241,RAIFCH22241,Banque Raiffeisen Neuchâtel et Vallées,2000,Neuchâtel,
80272,RAIFCH22272,Banca Raiffeisen del Basso Mendrisiotto,6830,Chiasso,
80280,RAIFCH22280,Banca Raiffeisen Piano di Magadino,6596,Gordola,
80283,RAIFCH22283,Banca Raiffeisen Vedeggio Cassarate,6929,Gravesano,
80287,RAIFCH22287,Banca Raiffeisen Basso Ceresio,6818,Melano,
80290,RAIFCH22290,Banca Raiffeisen Morbio-Vacallo,6834,Morbio Inferiore,
80317,RAIFCH22317,Banca Raiffeisen del Malcantone,6987,Caslano,
80333,RAIFCH22333,Banca Raiffeisen Losone Pedemonte Vallemaggia,6673,Maggia,
80340,RAIFCH22340,Banca Raiffeisen Mendrisio e Valle di Muggio,6850,Mendrisio,
80344,RAIFCH22344,Banca Raiffeisen del Camoghè,6512,Giubiasco,
80350,RAIFCH22350,Banca Raiffeisen Tre Valli,6710,Biasca,
80362,RAIFCH22362,Banca Raiffeisen Colline del Ceresio,6942,Savosa,
80365,RAIFCH22365,Banca Raiffeisen della Campagnadorna,6855,Stabio,
80375,RAIFCH22375,Banca Raiffeisen Lugano,6900,Lugano,
80379,RAIFCH22379,Banca Raiffeisen Locarno,6601,Locarno,
80387,RAIFCH22387,Banca Raiffeisen Bellinzonese e Visagno,6501,Bellinzona,
80401,RAIFCH22401,Banque Raiffeisen Mont-Aubert Orbe,1442,Montagny-près-Yverdon,
80414,RAIFCH22414,Banque Raiffeisen d'Assens,1042,Assens,
80430,RAIFCH22430,Banque Raiffeisen Alpes Riviera Chablais Vaudois,1860,Aigle,
80434,RAIFCH22434,Banque Raiffeisen du Gros-de-Vaud,1040,Echallens,
80442,RAIFCH22442,Banque Raiffeisen Nyon-La Vallée,1260,Nyon,
80445,RAIFCH22445,Banque Raiffeisen du Mont-Tendre,1143,Apples,
80451,RAIFCH22451,Banque Raiffeisen Lausanne Haute-Broye-Jorat,1003,Lausanne,
80454,RAIFCH22454,Banque Raiffeisen de Lavaux,1070,Puidoux,
80460,RAIFCH22460,Banque Raiffeisen Morges Venoge,1025,St-Sulpice VD,
80472,RAIFCH22472,Banque Raiffeisen d'Yverdon-les-Bains,1401,Yverdon-les-Bains,
80479,RAIFCH22479,Banque Raiffeisen de la Broye,1530,Payerne,
80485,RAIFCH22485,Banque Raiffeisen de Gimel,1188,Gimel,
80496,RAIFCH22496,Raiffeisenbank Mischabel-Matterhorn,3924,St. Niklaus VS,
80521,RAIFCH22521,Raiffeisenbank Gampel-Raron,3945,Gampel,
80527,RAIFCH22527,Raiffeisenbank Region Leuk,3952,Susten,
80532,RAIFCH22532,Raiffeisenbank Belalp-Simplon,3904,Naters,
80539,RAIFCH22539,Raiffeisenbank Aletsch-Goms,3998,Reckingen VS,
80553,RAIFCH22553,Raiffeisenbank Region Visp,3930,Visp,
80572,RAIFCH22572,Banque Raiffeisen Sion et Région,1950,Sion,
80581,RAIFCH22581,Banque Raiffeisen Entremont,1934,"Châble VS, Le",
80588,RAIFCH22588,Banque Raiffeisen du Haut-Léman,1895,Vionnaz,
80595,RAIFCH22595,Banque Raiffeisen Martigny et Région,1920,Martigny,
80598,RAIFCH22598,Banque Raiffeisen de Sierre & Région,3960,Sierre/Siders,
80606,RAIFCH22606,Banque Raiffeisen de Massongex-St-Maurice-Vérossaz,1869,Massongex,
80611,RAIFCH22611,Banque Raiffeisen de Monthey,1870,Monthey 2,
80615,RAIFCH22615,Banque Raiffeisen des Communes du Haut Plateau,3971,Chermignon,
80626,RAIFCH22626,Banque Raiffeisen Vallée d'Illiez,1872,Troistorrents,
80652,RAIFCH22652,Raiffeisenbank Böttstein,5314,Kleindöttingen,
80666,RAIFCH22666,Raiffeisenbank an der Limmat,8953,Dietikon,
80690,RAIFCH22690,Raiffeisenbank Wasserschloss,5412,Gebenstorf,
80691,RAIFCH22691,Raiffeisenbank Regio Frick-Mettauertal,5070,Frick,
80696,RAIFCH22696,Raiffeisenbank Regio Laufenburg,5082,Kaisten,
80698,RAIFCH22698,Raiffeisenbank Aarau-Lenzburg,5000,Aarau,
80700,RAIFCH22700,Raiffeisenbank Surbtal-Wehntal,5304,Endingen,
80701,RAIFCH22701,Raiffeisenbank Aare-Rhein,5316,Leuggern,
80702,RAIFCH22702,Raiffeisenbank Kelleramt-Albis,8917,Oberlunkhofen,
80704,RAIFCH22704,Raiffeisenbank Aare-Reuss,5507,Mellingen,
80705,RAIFCH22705,Raiffeisenbank Reuss-Lindenberg,5634,Merenschwand,
80706,RAIFCH22706,Raiffeisenbank Möhlin,4313,Möhlin,
80719,RAIFCH22719,Raiffeisenbank Mutschellen,5621,Zufikon,
80721,RAIFCH22721,Raiffeisenbank Region Zofingen,4800,Zofingen,
80723,RAIFCH22723,Raiffeisenbank Reitnau-Rued,5044,Schlossrued,
80728,RAIFCH22728,Raiffeisenbank Oberfreiamt,5630,Muri AG,
80736,RAIFCH22736,Raiffeisenbank Villmergen,5612,Villmergen,
80740,RAIFCH22740,Raiffeisenbank Lägern-Baregg,5430,Wettingen,
80744,RAIFCH22744,Raiffeisenbank Wohlen,5610,Wohlen AG,
80746,RAIFCH22746,Raiffeisenbank Siggenthal-Würenlingen,5303,Würenlingen,
80747,RAIFCH22747,Raiffeisenbank Würenlos,5436,Würenlos,
80748,RAIFCH22748,Raiffeisenbank Wegenstettertal,4314,Zeiningen,
80773,RAIFCH22773,Raiffeisenbank Liestal-Oberbaselbiet,4410,Liestal,
80774,RAIFCH22774,Raiffeisenbank Leimental,4104,Oberwil BL,
80775,RAIFCH22775,Raiffeisenbank Allschwil-Schönenbuch,4123,Allschwil,
80776,RAIFCH22776,Raiffeisenbank Regio Muttenz,4132,Muttenz,
80779,RAIFCH22779,Raiffeisenbank Aesch-Pfeffingen,4147,Aesch BL,
80780,RAIFCH22780,Raiffeisenbank Reinach BL,4153,Reinach BL,
80808,RAIFCH22XXX,Raiffeisen,9001,St. Gallen,
80816,RAIFCH22816,Raiffeisenbank Niedersimmental,3753,Oey,
80817,RAIFCH22817,Raiffeisenbank Steffisburg,3612,Steffisburg,
80819,RAIFCH22819,Raiffeisenbank Grauholz,3322,Urtenen-Schönbühl,
80820,RAIFCH22820,Raiffeisenbank Frutigland,3714,Frutigen,
80842,RAIFCH22842,Raiffeisenbank Jungfrau,3800,Interlaken,
80843,RAIFCH22843,Raiffeisenbank Region Haslital-Brienz,3860,Meiringen,
80856,RAIFCH22856,Raiffeisenbank Obersimmental-Saanenland,3770,Zweisimmen,
80860,RAIFCH22860,Raiffeisenbank Schwarzwasser,3182,Ueberstorf,
80862,RAIFCH22862,Raiffeisenbank Seeland,2502,Biel/Bienne,
80867,RAIFCH22867,Raiffeisenbank Thunersee-Kiesental,3600,Thun,
80875,RAIFCH22875,Raiffeisenbank Emmental,3550,Langnau im Emmental,
80895,RAIFCH22895,Raiffeisenbank Sense-Oberland,1735,Giffers,
80896,RAIFCH22896,Raiffeisenbank See-Lac,3212,Gurmels,
80905,RAIFCH22905,Raiffeisenbank Sensetal Freiburg-Ost / Sensetal Fribourg-Est,3186,Düdingen,
80911,RAIFCH22911,Raiffeisenbank Dulliken-Starrkirch,4657,Dulliken,
80912,RAIFCH22912,Raiffeisenbank Gäu-Bipperamt,4622,Egerkingen,
80914,RAIFCH22914,Raiffeisenbank Aare-Langete,4629,Fulenbach,
80918,RAIFCH22918,Raiffeisenbank Mittelgösgen-Staffelegg,5015,Erlinsbach SO,
80938,RAIFCH22938,Raiffeisenbank Wasseramt-Buchsi,4552,Derendingen,
80939,RAIFCH22939,Raiffeisenbank Dornach,4143,Dornach,
80947,RAIFCH22947,Raiffeisenbank Untergäu,4614,Hägendorf,
80962,RAIFCH22962,Raiffeisenbank Region Thal,4717,Mümliswil,
80965,RAIFCH22965,Raiffeisenbank am Eppenberg,5013,Niedergösgen,
80970,RAIFCH22970,Raiffeisenbank Olten,4600,Olten,
80971,RAIFCH22971,Raiffeisenbank Untere Emme,4565,Recherswil,
80976,RAIFCH22976,Raiffeisenbank Weissenstein,4502,Solothurn,
81011,RAIFCH22A11,Raiffeisenbank Appenzeller Hinterland,9100,Herisau,
81012,RAIFCH22A12,Raiffeisenbank Heiden,9410,Heiden,
81023,RAIFCH22A23,Raiffeisenbank Appenzell,9050,Appenzell,
81031,RAIFCH22A31,Raiffeisenbank Glarnerland,8752,Näfels,
81045,RAIFCH22A45,Raiffeisenbank Bündner Rheintal,7001,Chur,
81054,RAIFCH22A54,Banca Raiffeisen del Moesano,6535,Roveredo GR,
81063,RAIFCH22A63,Raiffeisenbank Mittelbünden,7408,Cazis,
81072,RAIFCH22A72,Raiffeisenbank Cadi,7180,Disentis/Mustér,
81073,RAIFCH22A73,Raiffeisenbank Surselva,7130,Ilanz,
81084,RAIFCH22A84,Raiffeisenbank Prättigau-Davos,7270,Davos Platz,
81103,RAIFCH22B03,Banca Raiffeisen Valposchiavo,7742,Poschiavo,
81144,RAIFCH22B44,Raiffeisenbank Engiadina Val Müstair,7530,Zernez,
81165,RAIFCH22B65,Raiffeisenbank Pilatus,6010,Kriens,
81168,RAIFCH22B68,Raiffeisenbank Adligenswil-Udligenswil-Meggen,6043,Adligenswil,
81169,RAIFCH22B69,Raiffeisenbank Hitzkirchertal,6285,Hitzkirch,
81170,RAIFCH22B70,Raiffeisenbank Beromünster,6215,Beromünster,
81177,RAIFCH22B77,Raiffeisenbank Emmen,6020,Emmenbrücke,
81179,RAIFCH22B79,Raiffeisenbank im Entlebuch,6182,Escholzmatt,
81186,RAIFCH22B86,Raiffeisenbank Horw,6048,Horw,
81187,RAIFCH22B87,Raiffeisenbank Oberseetal,6280,Hochdorf,
81194,RAIFCH22B94,Raiffeisenbank Menznau-Wolhusen,6122,Menznau,
81196,RAIFCH22B96,Raiffeisenbank Sempachersee-Rottal Süd,6207,Nottwil,
81203,RAIFCH22C03,Raiffeisenbank Luzern,6003,Luzern,
81204,RAIFCH22C04,Raiffeisenbank Rothenburg,6023,Rothenburg,
81211,RAIFCH22C11,Raiffeisenbank Luzerner Hinterland,6130,Willisau,
81212,RAIFCH22C12,Raiffeisenbank Ettiswil,6218,Ettiswil,
81214,RAIFCH22C14,Raiffeisenbank Luzerner Landschaft Nordwest,6247,Schötz,
81223,RAIFCH22C23,Raiffeisenbank Nidwalden,6370,Stans,
81232,RAIFCH22C32,Raiffeisenbank Obwalden,6072,Sachseln,
81241,RAIFCH22C41,Raiffeisenbank Regio St. Gallen West,9030,Abtwil SG,
81251,RAIFCH22C51,Raiffeisenbank Werdenberg,9470,Buchs,
81256,RAIFCH22C56,Raiffeisenbank Benken,8717,Benken SG,
81259,RAIFCH22C59,Raiffeisenbank Bernhardzell,9304,Bernhardzell,
81261,RAIFCH22C61,Raiffeisenbank Regio Unteres Toggenburg & Neckertal,9606,Bütschwil,
81262,RAIFCH22C62,Raiffeisenbank Diepoldsau-Schmitter,9444,Diepoldsau,
81271,RAIFCH22C71,Raiffeisenbank Gossau-Andwil-Niederwil,9200,Gossau SG,
81274,RAIFCH22C74,Raiffeisenbank Rapperswil-Jona,8645,Jona,
81281,RAIFCH22C81,Raiffeisenbank Sarganserland,8887,Mels,
81284,RAIFCH22C84,Raiffeisenbank Mörschwil,9402,Mörschwil,
81287,RAIFCH22C87,Raiffeisenbank Obertoggenburg,9650,Nesslau,
81291,RAIFCH22C91,Raiffeisenbank Regio Uzwil,9245,Oberbüren,
81295,RAIFCH22C95,Raiffeisenbank Unteres Rheintal,9434,Au SG,
81296,RAIFCH22C96,Raiffeisenbank Region Rorschach,9400,Rorschach,
81297,RAIFCH22C97,Raiffeisenbank Oberes Rheintal,9450,Altstätten SG,
81298,RAIFCH22C98,Raiffeisenbank am Ricken,8733,Eschenbach SG,
81302,RAIFCH22D02,Raiffeisenbank Schänis-Amden,8718,Schänis,
81304,RAIFCH22D04,Raiffeisenbank Sennwald,9466,Sennwald,
81307,RAIFCH22D07,Raiffeisenbank Regio Arbon,9320,Arbon,
81313,RAIFCH22D13,Raiffeisenbank Waldkirch,9205,Waldkirch,
81314,RAIFCH22D14,Raiffeisenbank Walenstadt,8880,Walenstadt,
81317,RAIFCH22D17,Raiffeisenbank Mittleres Toggenburg,9630,Wattwil,
81319,RAIFCH22D19,Raiffeisenbank Mittelrheintal,9443,Widnau,
81320,RAIFCH22D20,Raiffeisenbank Wil und Umgebung,9500,Wil SG,
81323,RAIFCH22D23,Raiffeisenbank Wittenbach-Häggenschwil,9300,Wittenbach,
81324,RAIFCH22D24,Raiffeisenbank Marbach-Rebstein,9437,Marbach SG,
81325,RAIFCH22D25,Raiffeisenbank Flawil-Degersheim-Mogelsberg-Oberuzwil,9230,Flawil,
81344,RAIFCH22D44,Raiffeisenbank Schaffhausen,8200,Schaffhausen,
81351,RAIFCH22D51,Raiffeisenbank Rigi,6430,Schwyz,
81356,RAIFCH22D56,Raiffeisenbank Region linker Zürichsee,8808,Pfäffikon SZ,
81360,RAIFCH22D60,Raiffeisenbank Muotathal,6436,Muotathal,
81361,RAIFCH22D61,Raiffeisenbank Einsiedeln-Ybrig,8840,Einsiedeln,
81371,RAIFCH22D71,Raiffeisenbank Regio Altnau,8595,Altnau,
81377,RAIFCH22D77,Raiffeisenbank Aadorf,8355,Aadorf,
81378,RAIFCH22D78,Raiffeisenbank am Bichelsee,8488,Turbenthal,
81380,RAIFCH22D80,Raiffeisenbank Mittelthurgau,8570,Weinfelden,
81382,RAIFCH22D82,Raiffeisenbank Untersee-Rhein,8264,Eschenz,
81384,RAIFCH22D84,Raiffeisenbank Frauenfeld,8501,Frauenfeld,
81398,RAIFCH22D98,Raiffeisenbank Neukirch-Romanshorn,9315,Neukirch (Egnach),
81401,RAIFCH22E01,Raiffeisenbank Seerücken,8505,Pfyn,
81402,RAIFCH22E02,Raiffeisenbank Regio Sirnach,8370,Sirnach,
81412,RAIFCH22E12,Raiffeisenbank Tägerwilen,8274,Tägerwilen,
81414,RAIFCH22E14,Raiffeisenbank Münchwilen-Tobel,9555,Tobel,
81416,RAIFCH22E16,Raiffeisenbank Wängi-Matzingen,9545,Wängi,
81417,RAIFCH22E17,Raiffeisenbank Amriswil Bischofszell,8580,Amriswil,
81431,RAIFCH22E31,Raiffeisenbank Urnerland,6460,Altdorf UR,
81432,RAIFCH22E32,Raiffeisenbank Schächental,6463,Bürglen UR,
81454,RAIFCH22E54,Raiffeisenbank Zug,6341,Baar,
81455,RAIFCH22E55,Raiffeisenbank Cham-Steinhausen,6330,Cham,
81456,RAIFCH22E56,Raiffeisenbank Hünenberg-Risch,6343,Rotkreuz,
81457,RAIFCH22E57,Raiffeisenbank Menzingen-Neuheim,6313,Menzingen,
81459,RAIFCH22E59,Raiffeisenbank Region Ägerital-Sattel,6314,Unterägeri,
81471,RAIFCH22E71,Raiffeisenbank Zürcher Oberland,8610,Uster,
81474,RAIFCH22E74,Raiffeisenbank Zürich Flughafen,8302,Kloten,
81475,RAIFCH22E75,Raiffeisenbank Züri-Unterland,8180,Bülach,
81477,RAIFCH22E77,Raiffeisenbank Region Glatt,8304,Wallisellen,
81479,RAIFCH22E79,Raiffeisenbank Weinland,8450,Andelfingen,
81481,RAIFCH22E81,Raiffeisenbank rechter Zürichsee,8708,Männedorf,
81485,RAIFCH22E85,Raiffeisenbank Winterthur,8401,Winterthur,
81486,RAIFCH22E86,Raiffeisenbank Basel,4052,Basel,
81487,RAIFCH22E87,Raiffeisenbank Zürich,8001,Zürich,
81488,RAIFCH22E88,Raiffeisenbank Bern,3011,Bern,
81490,RAIFCH22E90,Raiffeisenbank Thalwil,8800,Thalwil,
81491,RAIFCH22E91,"RAIFFEISEN SCHWEIZ, FIRMENKUNDEN",9001,St. Gallen,
82007,DBSALULLFND,Union Bancaire Privée (Europe) SA,1150,Luxembourg,
82008,MIRALULLXXX,Mirabaud & Cie (Europe) SA,1931,Luxembourg,
82018,SRLGGB3LXXX,Starling Bank Limited,E1 6PW,London,
08235,BSCHCHGGXXX,Banco Santander International SA,1211,Genève 1,
08236,FSUICHGGXXX,Nexent Bank (Suisse) SA,1204,Genève,
08238,IVESCHZZXXX,Investec Bank (Switzerland) AG,8001,Zürich,
08243,AGRICHGXXXX,Crédit Agricole next Bank (Suisse) SA,1212,Grand-Lancy,
08245,ANPRCH22XXX,Banque Richelieu (Schweiz) AG,8008,Zürich,
08248,FVLBCHZZXXX,Van Lanschot Kempen (Schweiz) AG,8034,Zürich,
08252,POSOCH22XXX,Banca Popolare di Sondrio (Suisse) SA,6901,Lugano 1,
08268,BILSCHZZXXX,Banque Internationale à Luxembourg (Suisse) SA,8001,Zürich,
08270,BBVACHZZXXX,BBVA SA,8021,Zürich,
08278,GOLDCHZZXXX,Goldman Sachs Bank AG,8022,Zürich,
08288,FBGSCHZZXXX,Frankfurter Bankgesellschaft (Schweiz) AG,8022,Zürich,
08289,BHFBCHZZXXX,ODDO BHF (Schweiz) AG,8002,Zürich,
08296,CMBNCHZHXXX,Cembra Money Bank AG,8048,Zürich,
82961,CMBNCHZHXXX,Cembra Money Bank SA,1701,Fribourg,
82962,CMBNCHZHXXX,Cembra Money Bank SA,1201,Genève,
82963,CMBNCHZHXXX,Cembra Money Bank AG,4001,Basel,
82964,CMBNCHZHXXX,Cembra Money Bank AG,9004,St. Gallen,
82965,CMBNCHZHXXX,Cembra Money Bank AG,5001,Aarau,
82966,CMBNCHZHXXX,Cembra Money Bank AG,3001,Bern,
82967,CMBNCHZHXXX,Cembra Money Bank AG,6000,Luzern 5,
82968,CMBNCHZHXXX,Cembra Money Bank SA,1003,Lausanne,
82969,CMBNCHZHXXX,Cembra Money Bank SA,2001,Neuchâtel,
82971,CMBNCHZHXXX,Cembra Money Bank AG,2500,Biel/Bienne 3,
82972,CMBNCHZHXXX,Cembra Money Bank SA,2301,"Chaux-de-Fonds, La",
82973,CMBNCHZHXXX,Cembra Money Bank AG,4501,Solothurn,
82975,CMBNCHZHXXX,Cembra Money Bank SA,6901,Lugano,
82976,CMBNCHZHXXX,Cembra Money Bank SA,1951,Sion/Sitten,
82977,CMBNCHZHXXX,Cembra Money Bank AG,8401,Winterthur,
82979,CMBNCHZHXXX,Cembra Money Bank AG,5401,Baden,
82981,CMBNCHZHXXX,Cembra Money Bank AG,4601,Olten,
82983,CMBNCHZHXXX,Cembra Money Bank AG,8050,Zürich,
82984,CMBNCHZHXXX,Cembra Money Bank AG,7001,Chur,
82986,CMBNCHZHXXX,Cembra Money Bank SA,1820,Montreux 2,
82998,CMBNCHZHXXX,Cembra Money Bank AG,8048,Zürich,
08300,SLWYCH21XXX,Spar- und Leihkasse Wynigen AG,3472,Wynigen,
83002,VRLLCHZZXXX,Bank von Roll AG,8027,Zürich,
83003,CLRXCHZZXXX,SIX x-clear AG,8005,Zürich,
83006,ICBKCHZZXXX,Industrial and Commercial Bank of China Limited,8001,Zürich,
83007,JLSECHGGXXX,JL Securities SA,1204,Genève,
83008,FIDHCHGGXXX,Fidurhône SA,1207,Genéve,
83009,HELNCH22XXX,Helvetia Schweizerische Versicherungsgesellschaft AG,9001,St. Gallen,
83011,PRBECHZZXXX,Privatbank Bellerive AG,8034,Zürich,
83012,BLFLATWWXXX,"LGT Bank AG, Zweigniederlassung Österreich",1010,Wien,
83013,JHOTCHZZXXX,"Hottinger, Gaultier & Partners AG",8024,Zürich,
83014,SYGNCHZZXXX,Sygnum Bank AG,8045,Zürich,
83016,AXIPCHZZWIN,AXA Versicherungen AG,8400,Winterthur,
83017,SDXXCHZHXXX,SIX SIS AG (ex SIX Digital Exchange AG),8005,Zürich,
83018,SCRYCH22XXX,AMINA Bank AG,6300,Zug,
83019,YAPECHZ2XXX,Yapeal AG,8002,Zürich,
83021,CITECHGGXXX,Cité Gestion SA,1204,Genève,
83022,PLESCHZZXXX,ISP Securities Ltd,8034,Zürich,
83024,SLAMCHZZEV0,"Swiss Life AG (EV, geb. Vermögen)",8022,Zürich,
83025,SLAMCHZZNZ0,Swiss Life AG (freies Vermögen),8022,Zürich,
83026,AXIPCHZZWLE,"AXA Leben AG (Einzel, geb. Vermögen)",8400,Winterthur,
83027,BAAMCHBBBKL,"Helvetia Schweizerische Lebensvers.- Ges. AG, (KL GV BAL)",4051,Basel,
83028,BAAMCHBBBEL,"Helvetia Schweizerische Lebensvers.- Ges. AG, (EL GV BAL)",4051,Basel,
83031,SWIPCHZHXXX,"Swisscanto Fondsleitung AG, handelnd für SUVA EAF",8001,Zürich,
83032,ZURICHZFZNT,Zürich Versicherungs.-Ges. AG gebundenes Vermögen,8002,Zürich,
83033,ZURICHZFZKT,Zürich Lebensvers.-Ges. AG Group Life geb. Vermögen,8002,Zürich,
83034,ZURICHZFZLT,Zürich Lebensvers.-Ges. AG Individual Life geb. Vermögen,8002,Zürich,
83035,TARSCHGGXXX,Taurus SA,1201,Genève,
83039,APNACHGGXXX,Alpian SA,1201,Genève,
83040,KSEHCHGGXXX,Kendra Securities House SA,1201,Geneva,
83041,KLARCH22XXX,Bivial AG,6300,Zug,
83043,PICLCHZ2XXX,Private Client Bank AG,8001,Zürich,
83045,BKCHCHGEXXX,"Bank of China Limited, GenevaBranch",1204,Geneva,
83046,BGPBCH22XXX,BG (Suisse) Private Bank SA,6900,Lugano,
83047,AMNSLI22XXX,Amnis Europe AG,9490,Vaduz,
83049,BCIRLI22XXX,Banking Circle (Liechtenstein) AG,9491,RUGGELL,
83050,REOICHZ2XXX,Relio AG,8005,Zürich,
83051,SAHHCHZ2XXX,SR Saphirstein AG,8008,Zürich,
83054,HELNCH22XXX,Helvetia Schweizerische Lebensvers.- Ges. AG (EL GV),4052,Basel,
83055,HELNCH22XXX,Helvetia Schweizerische Lebensvers.- Ges. AG (KL GV),4052,Basel,
83058,SLAMCHZZFMM,"Swiss Life Asset Management AG, handelnd für SLF (CH) MM CHF",8022,Zürich,
83059,FNPICH22XXX,finpension AG,6005,Luzern,
83061,CLNCLI22XXX,Celsion Bank AG,9490,Vaduz,
83066,BVVACH22XXX,BIVIAL AG,6300,Zug,
08307,HYPLCH22XXX,Hypothekarbank Lenzburg AG,5600,Lenzburg 1,
08309,SYCOCHGGXXX,Banque SYZ SA,1201,Geneva,
08326,CAGYCH21XXX,Caisse d'Epargne de Nyon société coopérative,1260,Nyon,
08327,RBABCH22CEA,Caisse d'Epargne d'Aubonne Sociéte coopérative,1170,Aubonne,
08329,ERSCCH21XXX,Ersparniskasse Speicher,9042,Speicher,
08334,KBSOCH22XXX,Baloise Bank AG,4500,Solothurn,
08335,BLFLCHBBXXX,LGT Bank (Schweiz) AG,4002,Basel,
08346,AEXTCHZZXXX,Banque Algérienne du Commerce Extérieur SA,8001,Zürich,
08348,CDEMCH21XXX,Caisse d'Epargne et de Crédit Mutuel de Chermignon,3971,Chermignon,
08349,CDDVCH21XXX,"Caisse d'Epargne Riviera, société coopérative",1800,Vevey 1,
08352,VIMMCHZZXXX,Loomis Schweiz SA,4052,Basel,
08373,PCBCCHZZXXX,"China Construction Bank Corporation, Beijing, Swiss Branch",8002,Zürich,
08374,ISAECH2NXXX,"CACEIS Bank, Montrouge, succursale de Nyon / Suisse",1260,Nyon,
08377,VSFACHZZXXX,Vontobel Swiss Financial Advisers AG,8022,Zürich,
08378,NEPICHZZXXX,NPB Neue Privat Bank AG,8024,Zürich,
08379,QNBACHGGXXX,QNB (Suisse) SA,1201,Genève,
08380,MGTCCHGGXXX,J.P. Morgan (Suisse) SA,1204,Genève,
83838,UBSWCHZH80A,UBS Switzerland AG,8098,Zürich,
08384,REYLCHGGXXX,Intesa Sanpaolo Wealth Management SA,1204,Genève,
08385,NBOKCHGGXXX,NBK Banque Privée (Suisse) SA,1204,Genève,
08387,BBRUCHGTXXX,"ING Bank N.V., Amsterdam, succursale de Lancy/Genève",1213,Petit-Lancy,
08388,BABRCHGGXXX,Banque Eric Sturdza SA,1211,Genève 3,
08389,BZSDCH22XXX,Bezirks-Sparkasse Dielsdorf Genossenschaft,8157,Dielsdorf,
08390,ABSOCH22XXX,Alternative Bank Schweiz AG,4600,Olten,
08391,WIRBCHBBXXX,WIR Bank Genossenschaft,4002,Basel,
08392,FRGGCHB1XXX,Freie Gemeinschaftsbank Genossenschaft,4002,Basel,
08393,EKIICH22XXX,Bank EKI Genossenschaft,3800,Interlaken,
08394,EEKBCH22XXX,Bank EEK AG,3001,Bern,
08395,SLBUCH22XXX,Spar- und Leihkasse Bucheggberg,4584,Lüterswil,
08396,SLGUCH2MXXX,Spar + Leihkasse Gürbetal AG,3127,Mühlethurnen,
08397,RBABCH22DCB,DC Bank AG,3001,Bern,
08398,VZDBCHZZXXX,VZ Depotbank AG,6300,Zug,
08401,MIGRCHZZXXX,Migros Bank AG,8010,Zürich,
08440,BCLRCHBBXXX,Bank Cler AG,4002,Basel,
08441,BCLRCHBBXXX,Bank Cler AG,4018,Basel,
08442,BCLRCHBBXXX,Bank Cler AG,4005,Basel,
08443,BCLRCHBBXXX,Bank Cler AG,3001,Bern,
08444,BCLRCHBBXXX,Bank Cler AG,2501,Biel/Bienne,
08445,BCLRCHBBXXX,Bank Cler AG,5201,Brugg AG,
08446,BCLRCHBBXXX,Bank Cler AG,2001,Neuchâtel,
08447,BCLRCHBBXXX,Bank Cler AG,1204,Genève 3,
08448,BCLRCHBBXXX,Bank Cler AG,1002,Lausanne,
08449,BCLRCHBBXXX,Bank Cler AG,6901,Lugano,
08450,BCLRCHBBXXX,Bank Cler AG,6002,Luzern,
08451,BCLRCHBBXXX,Bank Cler AG,4600,Olten,
08452,BCLRCHBBXXX,Bank Cler AG,8201,Schaffhausen,
08453,BCLRCHBBXXX,Bank Cler AG,8021,Zürich,
08454,BCLRCHBBXXX,Bank Cler AG,8050,Zürich,
08455,BCLRCHBBXXX,Bank Cler AG,6501,Bellinzona,
08456,BCLRCHBBXXX,Bank Cler AG,9001,St. Gallen,
08457,BCLRCHBBXXX,Bank Cler AG,1701,Fribourg,
08490,CBLUCH22XXX,Cornèr Banca SA,6901,Lugano,
08495,BCRECH22XXX,Banca Credinvest SA,6902,Lugano,
08496,VRBPCH22XXX,Banca Aletti & C. (Suisse) SA,6900,Lugano,
08497,SAXOCHZHXXX,SAXO BANK (SCHWEIZ) AG,8302,Kloten,
08498,UNCECH22XXX,Axion SWISS Bank SA,6900,Lugano,
08499,NBPSCHGGXXX,FAB Private Bank (Suisse) SA,1211,Genève 11,
08509,BAMRCHZZXXX,Mercantil Bank (Schweiz) AG,8036,Zürich,
08515,BAERCHZZXXX,Bank Julius Bär & Co AG,8010,Zürich,
08518,BGAGCH22XXX,Bank Gantrisch Genossenschaft,3150,Schwarzenburg,
08519,EKRUCH21XXX,Ersparniskasse Rüeggisberg Genossenschaft,3088,Rüeggisberg,
08521,BBOBCH22XXX,BBO Bank Brienz Oberhasli AG,3855,Brienz,
08522,SBTICH22XXX,Società Bancaria Ticinese,6501,Bellinzona,
08525,BTVACH22XXX,"BTV Vier Länder Bank AG Innsbruck, Zweigniederlassung Staad",9422,Staad SG,
08533,SELVCHGGXXX,SELVI & Cie SA,1211,Genève 11,
08534,VPBVCHZHXXX,VP Bank (Schweiz) AG,8001,Zürich,
08537,BICFCHGGXXX,Banque Internationale de Commerce-BRED (Suisse) SA,1204,Genève,
08539,BEGOCHZZXXX,Bergos AG,8034,Zürich,
08540,BLOMCHGGXXX,BANQUE BANORIENT (SUISSE) SA,1206,Genève,
08543,SCOPCHBBXXX,Scobag Privatbank AG,4010,Basel,
08548,CCIECHGGXXX,Hyposwiss Private Bank Genève SA,1211,Genève 1,
08553,BZBKCH2WXXX,BZ Bank Aktiengesellschaft,8832,Wilen b. Wollerau,
08564,GRAFCH22XXX,Privatbank Von Graffenried AG,3011,Bern,
08565,DREYCHBBXXX,"Dreyfus Söhne & Cie AG, Banquiers",4002,Basel,
08570,BONHCH22XXX,Banque Bonhôte & Cie SA,2001,Neuchâtel,
08571,PRIBCHGGXXX,Edmond de Rothschild (Suisse) S.A,1211,Genève 11,
08572,TRAPCHBBXXX,Trafina Privatbank AG,4020,Basel,
08573,MAEBCHZZXXX,"Maerki, Baumann & Co. AG",8022,Zürich,
08574,MEDSCHGGXXX,Banque Des Monts Blancs SA,1211,Genève,
08584,BACECH22XXX,Banca del Ceresio SA,6901,Lugano,
08609,EUBACH22XXX,Banca Zarattini & Co. SA,6900,Lugano,
08615,GENOCHZZXXX,DZ PRIVATBANK (Schweiz) AG,8022,Zürich,
08616,EFGBCHGGXXX,EFG Bank European Financial Group SA,1211,Genève 2,
08619,NBSZCHZZXXX,Nomura Bank (Switzerland) Ltd,8021,Zürich,
08624,AUDSCHGGXXX,Banque Audi (Suisse) SA,1211,Genève 12,
08629,BPCPCHGGXXX,Banque de Commerce et de Placements SA,1211,Genève 3,
08634,BJHSCHZZXXX,Schroder & Co Bank AG,8021,Zürich,
08635,CHASCHGXXXX,"JPMorgan Chase Bank, National Association, Columbus",8027,Zürich,
08638,CBSWCHZZXXX,Citibank (Switzerland) AG,8010,Zürich,
08657,UBPGCHGGXXX,"Union Bancaire Privée, UBP SA",1211,Genève 1,
08659,DEUTCHGGXXX,Deutsche Bank (Suisse) S.A.,1201,Genève 1,
08660,RKBZCHZZXXX,GPB (Schweiz) AG,8032,Zürich,
08661,ROTACHZZXXX,Rothschild & Co Bank AG,8034,Zürich,
08663,PKBSCH22XXX,PKB PRIVATE BANK SA,6900,Lugano,
08664,PKBSCH2269A,PKB PRIVATBANK AG,8022,Zürich,
08665,PKBSCH2212A,PKB PRIVATBANK SA,1206,Genève,
08666,BASECH22XXX,Banca del Sempione SA,6901,Lugano 1,
08667,EFGBCHZZXXX,EFG Bank AG,8022,Zürich,
08686,BPPBCHGGXXX,"BNP PARIBAS, Paris, succursale de Lancy/Genève",1212,Grand-Lancy,
08689,BLICCHGGXXX,HSBC Private Bank (Suisse) SA,1211,Genève 1,
08700,CITICHZZXXX,"Citibank N.A., Sioux Falls",8010,Zürich,
08701,HSBCCHZZXXX,"HSBC Bank plc, London, Zweigniederlassung Zürich",8002,Zürich,
08702,EFGFCHZZXXX,Leonteq Securities AG,8004,Zürich,
08703,BZPLCHZZXXX,bank zweiplus ag,8048,Zürich,
08704,AEKTCH22XXX,AEK BANK 1826 Genossenschaft,3601,Thun,
08705,SGABCHZZXXX,Société Générale,8021,Zürich,
08710,CIALCHBBXXX,Bank CIC (SCHWEIZ) AG,4001,Basel,
87105,CIALCHBBXXX,Bank CIC (SCHWEIZ) AG,4001,Basel,
08719,ARBSCHZZXXX,Arab Bank (Switzerland) Ltd.,1204,Genève,
08721,GONECHGGXXX,Gonet & Cie SA,1211,Genève 11,
08726,BOFACH2XXXX,"Bank of America Europe DAC, Dublin, Zurich Branch",8002,Zürich,
08727,CRAMCHGGXXX,Banque Cramer & Cie SA,1211,Genève 12,
08731,LINSCH23XXX,LLB (Schweiz) AG,8730,Uznach,
08733,BKTHCH22XXX,Bank Thalwil Genossenschaft,8800,Thalwil,
08735,BARCCHGGXXX,Barclays Bank (Suisse) SA,1211,Genève 3,
08740,AGRICHGGXXX,CA Indosuez (Switzerland) SA,1010,Lausanne,
08741,AGRICHGGXXX,CA Indosuez (Switzerland) SA,1211,Genève 11,
08742,AGRICHGGXXX,CA Indosuez (Switzerland) SA,6901,Lugano,
08743,AGRICHGGXXX,CA Indosuez (Switzerland) SA,8021,Zürich,
08750,SARACHBBXXX,Bank J. Safra Sarasin AG,4002,Basel,
08751,SARACHBBXXX,Bank J. Safra Sarasin AG,8022,Zürich,
08752,SARACHBBXXX,Bank J. Safra Sarasin AG,4002,Basel,
08755,PICTCHGGXXX,Banque Pictet & Cie SA,1211,Genève 73,
08756,BAUMCHBBXXX,Baumann & Cie KmG,4002,Basel,
08757,VONTCHZZXXX,Bank Vontobel AG,8022,Zürich,
08760,LOCYCHGGXXX,Banque Lombard Odier & Cie SA,1293,Bellevue,
08761,REICCH22XXX,Reichmuth & Co.,6000,Luzern 7,
08762,BSSACHGGXXX,CBH - Compagnie Bancaire Helvétique SA,1211,Genève 3,
08767,BORDCHGGXXX,Bordier & Cie SCmA,1211,Genève 11,
08770,MIRACHGGXXX,Mirabaud & Cie SA,1211,Genève 11,
08775,GUTZCHBBXXX,E. Gutzwiller & Cie Banquiers,4001,Basel,
08777,PIGUCH22XXX,Piguet Galland & Cie SA,1401,Yverdon-les-Bains,
08779,RAHNCHZZXXX,Rahn+Bodmer Co.,8001,Zürich,
08780,DEUTCHZZXXX,Deutsche Bank AG Zürich Branch,8021,Zürich,
87801,DEUTCHZZXXX,Deutsche Bank AG Zürich Branch,8021,Zürich,
87802,DEUTCHZZXXX,Deutsche Bank AG Zürich Branch,8021,Zürich,
08781,SWQBCHZZXXX,Swissquote Bank SA,1196,Gland,
08784,SLFFCH22XXX,Spar- und Leihkasse Frutigen AG,3714,Frutigen,
08785,RSOSCH22XXX,Regiobank Solothurn AG,4502,Solothurn,
08788,HFTCCHGGXXX,BANQUE HERITAGE SA,1211,Genève 6,
08789,HBZUCHZZXXX,Habib Bank AG Zürich,8042,Zürich,
08797,TMBECH22XXX,IBKR Financial Services AG,6300,Zug,
08799,INCOCHZZXXX,InCore Bank AG,8952,Schlieren,
08800,LILALI2XXXX,Liechtensteinische Landesbank Aktiengesellschaft,9490,Vaduz,
08802,NBANLI22XXX,Neue Bank AG,9490,Vaduz,
08803,HYIBLI22XXX,BENDURA BANK AG,9487,Gamprin-Bendern,
08805,VPBVLI2XXXX,VP Bank AG,9490,Vaduz,
08806,SERBLI22XXX,Kaiser Partner Privatbank AG,9490,Vaduz,
08810,BLFLLI2XXXX,LGT Bank AG,9490,Vaduz,
08811,BFRILI22XXX,Bank Frick AG,9496,Balzers,
08812,VOAGLI22XXX,SIGMA Bank AG,9494,Schaan,
08820,DOMICHZZXXX,Tellco Bank AG,6430,Schwyz,
08821,RBABCH22VLH,"Hypo Vorarlberg Bank AG, Bregenz, Zweigniederl., St. Gallen",9004,St. Gallen,
08822,CIMMCHGGXXX,CIM Banque SA,1211,Genève 6,
08825,TXBZCHZZXXX,TradeXBank AG,8002,Zürich,
08827,ABSGCHGGXXX,S.P. Hinduja Banque Privée SA,1211,Genève 1,
08831,CAGLCHGGXXX,"ABANCA CORPORACION BANCARIA S.A., BETANZOS",1211,Genève 1,
08836,COBACHZHXXX,"COMMERZBANK AG FF, Zweigniederlassung Zürich",8001,Zürich,
08838,BLEMCHGGXXX,Banque du Léman SA,1201,Genève,
08839,QVCHCHZHXXX,Quilvest (Switzerland) Ltd.,8001,Zürich,
08841,ITAUCHZZXXX,Banco Itaú (Suisse) SA,8002,Zürich,
08842,GLBNCHZZXXX,Globalance Bank AG,8002,Zürich,
08843,DUBACHGGXXX,Dukascopy Bank SA,1215,Genève 15,
08845,SFBFCH22XXX,Helvetische Bank AG,8008,Zürich,
08846,AQULCHZZXXX,Aquila AG,8001,Zürich,
08848,IGBKCHGGXXX,IG Bank S.A.,1204,Genève,
08850,FAVSCHGAXXX,compenswiss (Fonds de compensation AVS/AI/APG),1204,Genève,
08851,SUAACH22XXX,SUVA,6002,Luzern,
08852,SLAMCHZZKV0,"Swiss Life AG (KV, geb. Vermögen)",8022,Zürich,
08853,SWRECHZHXXX,Schweizerische Rückversicherungs-Gesellschaft AG,8022,Zürich,
08854,AXIPCHZZXXX,AXA Leben AG,8401,Winterthur,
08855,ZURICHZFXXX,Zurich Insurance Company Ltd,8002,Zurich,
08856,BAAMCHBBXXX,"Helvetia Schweizerische Lebensvers.- Ges. AG, (FV BAL)",4051,Basel,
08858,BAAMCHBBBVG,"Helvetia Schweizerische Vers.- Ges. AG, (GV BAL)",4051,Basel,
08865,RMCOCHBBXXX,Remaco Asset Management AG,4020,Basel,
08866,LFFSCHGGXXX,LF Finance (Suisse) SA,1211,Genève 3,
08867,SSBECHZZXXX,"State Street Bank International GmbH, München, ZN Zürich",8045,Zürich,
08868,DELECHG2XXX,Delen (Suisse) SA,1207,Genève,
08871,ZAPRCH22XXX,Zähringer Privatbank AG,3011,Bern,
08880,INSECHZZXXX,SIX SIS AG,8005,Zürich,
08881,INSECHZZXXX,SIX SIS AG,8005,Zürich,
08883,EUXCDEFZXXX,EUREX Clearing AG,65760,Eschborn,
08887,INSECHZZXXX,SIX SIS AG,8005,Zürich,
08890,SKBPCH22XXX,Sparkasse Bundespersonal,3003,Bern,
08899,BISBCHBBXXX,BIZ Bank für Internationalen Zahlungsausgleich,4002,Basel,
89002,METZDEFFXXX,B. Metzler seel. Sohn & Co. AG,60329,Frankfurt am Main,
89018,COBADEFFXXX,COMMERZBANK AG,60261,Frankfurt am Main,
89022,DEUTDEFFXXX,Deutsche Bank AG,60272,Frankfurt am Main,
89025,GENODEFFXXX,DZ Bank AG,60265,Frankfurt am Main,
89042,MEFIDEMM501,"Merck Finck, a Quintet Private Bank (Europe) S.A. branch",80333,München,
89045,MSFFDEFXXXX,Morgan Stanley Bank AG,60016,Frankfurt am Main,
89058,SOLADESTXXX,Landesbank Baden-Württemberg,70049,Stuttgart,
89059,TUBDDEDDXXX,"HSBC Continental Europe S.A., Germany",40549,Düsseldorf,
89070,GOLDDEFAXXX,Goldman Sachs Bank Europe SE,60329,Frankfurt am Main,
89081,DOSPAT2DXXX,Dornbirner Sparkasse Bank AG,6850,Dornbirn,
89088,ESSESESSXXX,Skandinaviska Enskilda Banken AB,0640,Stockholm,
89091,GENOLULLXXX,"DZ PRIVATBANK AG, Luxembourg Branch",1445,Luxembourg-Strassen,
89093,VOLODE66XXX,Volksbank Dreiländereck EG,79537,Lörrach,
89095,CITIGB2LXXX,Citibank N.A.,E14 5LB,London,
89099,GIBAATWGXXX,Erste Group Bank AG,1100,Wien,
08910,CLSBUS33XXX,CLS Bank International,10006,"New York, NY 1006-3053",
89102,RABONL2UXXX,Coöperatieve Rabobank U.A.,3500,HG Utrecht,
89109,RZOOAT2LXXX,Raiffeisenlandesbank Oberösterreich AG,4020,Linz,
89115,CEDELULLXXX,Clearstream Banking S.A.,L-1855,Luxembourg,
89128,BCITITMMXXX,Intesa Sanpaolo S.P.A.,10121,Torino,
89129,BTVAAT22XXX,BTV Vier Länder Bank AG,6020,Innsbruck,
89136,BILLLULLXXX,Banque Internationale à Luxembourg SA,2953,Luxembourg,
89139,RZBAATWWXXX,Raiffeisen Bank International AG,1011,Wien,
89142,BEILLULLXXX,European Investment Bank,2950,Luxembourg,
89151,INGBNL2AXXX,ING Bank N.V.,1000,BV Amsterdam,
89152,SPFKAT2BXXX,Sparkasse der Stadt Feldkirch,6800,Feldkirch,
89158,ROYCGB22XXX,RBC Europe Limited,EC2N 4AA,London,
89162,DABADKKKXXX,Danske Bank A/S,1577,Kobenhavn V,
89165,RVVGAT2BXXX,Raiffeisen Landesbank Vorarlberg mit Revisionsverband eGen,6900,Bregenz,
89169,FMBKDEMMXXX,"CACEIS Bank S.A., Germany Branch",80939,München,
89191,GSILGB2XXXX,Goldman Sachs International,EC4A 4AU,London,
89197,NDEAFIHHXXX,Nordea Bank Abp,00020,Nordea-Helsinki,
89199,GENODE61WT1,Volksbank Hochrhein eG,79761,Waldshut-Tiengen,
89202,SKHRDE6WXXX,Sparkasse Hochrhein,79761,Waldshut-Tiengen,
89207,OEKOATWWXXX,Oesterreichische Kontrollbank AG,1011,Wien,
89208,GENODE61OG1,Volksbank eG - Die Gestalterbank,79713,Bad Säckingen,
89213,BLUXLULLXXX,Banque de Luxembourg S.A.,2529,luxembourg,
89214,SKLODE66XXX,Sparkasse Lörrach-Rheinfelden,79539,Lörrach,
89215,LCHLGB2LXXX,LCH Limited,EC4M 7LS,London,
89216,ABNCNL2AXXX,ABN AMRO Clearing Bank N.V.,1082,PP Amsterdam,
09000,POFICHBEXXX,PostFinance AG,3030,Bern,
