bankCode;branchCode;bic;bankName;postalCode;city;flags
14749;;;BANQUE STELLANTIS FRANCE;78307;POISSY Cedex;
14806;;AGRIFRPP848;Caisse régionale de crédit agricole mutuel Centre Loire;18290;BOURGES CEDEX;
14879;;BKIDFRPPXXX;Bank of India;75009;PARIS 09;
14888;;;BPCE International et Outremer (BPCE IOM);94220;Charenton-le-Pont.;
14908;;POSOMCM1XXX;Banca popolare di Sondrio (Suisse);98011;MONACO CEDEX;
14940;;;Cofidis;59866;VILLENEUVE D'ASCQ CEDEX;
14989;;KOEXFRPPXXX;KEB Hana Bank;75008;PARIS 08;
15068;;PICTFRPPXXX;Bank Pictet & Cie (Europe) AG;75008;PARIS 08;
15078;;;MGF;92000;NANTERRE;
15128;;VOWAFR21XXX;Volkswagen Bank GmbH;93420;VILLEPINTE;
15135;;;CAISSE D'EPARGNE ET DE PREVOYANCE GRAND EST EUROPE;67100;STRASBOURG;
15148;;;Mediobanca - Banca di credito finanziario S.p.A.;75008;PARIS 08;
15149;;;Crédit foncier et communal d'Alsace et de Lorraine-Banque;67003;STRASBOURG CEDEX;
15208;;BREDFRPPXXX;Crédit municipal de Paris;75181;PARIS CEDEX 04;
15250;;SMBCFRPPGEB;SMBC Bank International plc;75008;PARIS 08;
15258;;;The Governor and company of the bank of Ireland (Bank of Ireland);75108;PARIS;
15448;;CNIFFR2MXXX;IC Financial services;78280;GUYANCOURT;
15449;;;Caisse de Bretagne de crédit mutuel agricole;29480;LE RELECQ KERHUON;
15458;;;Joh. Berenberg, Gossler & Co. KG;75116;PARIS 16;
15489;;;Caisse fédérale du crédit mutuel de Maine-Anjou et Basse-Normandie;53083;LAVAL CEDEX 9;
15519;;CMCIFR2ACMO;Caisse fédérale du crédit mutuel Océan;85001;LA ROCHE-SUR-YON CEDEX 27;
15589;;CMBRFR2BXXX;Crédit mutuel Arkéa;29480;LE RELECQ KERHUON;
15638;;BACAMCMCXXX;ANDBANK MONACO S.A.M.;98000;MONACO;
15668;;BNPAFRPLXXX;BNP Paribas home loan SFH;75009;PARIS 09;
15848;;;Crédit Mutuel Home Loan SFH;75452;PARIS CEDEX 9;
15898;;;Crédit Agricole home loan SFH;92120;MONTROUGE;
15900;;;FEDERAL FINANCE;29480;LE RELECQ KERHUON;
15930;;;BPCE Payment Services;75013;PARIS 13;
15968;;GSCFFR22XXX;Société Générale SCF;92800;PUTEAUX;
16000;;;Diac;94120;Fontenay-sous-Bois;
16006;;AGRIFRPP860;Caisse régionale de crédit agricole mutuel du Morbihan;56956;VANNES CEDEX 9;
16038;;HAVLMCMXBDF;Moncrief Private Bank (Monaco) S.A.M.;98000;MONACO;
16048;;ECOCFRPPBDF;Ebi SA;92400;COURBEVOIE;
16058;;HSFHFRPPXXX;CCF SFH;92400;COURBEVOIE;
16068;;;Landesbank Hessen-Thüringen Girozentrale (Helaba);75108;PARIS;
16088;;;Arkéa Home Loans SFH;29802;BREST CEDEX 9;
16106;;AGRIFRPP861;Caisse régionale de crédit agricole mutuel de Lorraine;57000;METZ;
16158;;BGFIFRPPXXX;BGFIBANK EUROPE;75008;PARIS 08;
16168;;AFRIFRPPXXX;BOA France;75008;PARIS 08;
16170;;CMUBFR21XXX;Caisse de crédit municipal de Boulogne-sur-Mer;62201;BOULOGNE-SUR-MER;
16188;;BPCEFRPPXXX;BPCE;75013;PARIS 13;
16190;;;BPCE lease immo;75013;PARIS 13;
16200;;;Caisse de crédit municipal de Nice;06046;NICE CEDEX 1;
16208;;;GE SCF;92100;BOULOGNE BILLANCOURT;
16218;;BFOBFRP1XXX;Bforbank;92042;Paris La Défense Cedex;
16228;;GSFHFRPPXXX;Société générale SFH;92800;PUTEAUX;
16278;;;Natixis TradEx Solutions;75013;PARIS;
16298;;;Arkéa banking services;92088;PARIS LA DEFENSE CEDEX;
16318;;AXABFR21XXX;CRELAN HOME LOAN SCF;94138;FONTENAY SOUS BOIS CEDEX;
16358;;;Arkéa public sector SCF;29480;LE RELECQ KERHUON;
16438;;BPCEFRPPSFH;BPCE SFH;75013;PARIS 13;
16468;;;Crédit Agricole Public Sector SCF;92127;MONTROUGE CEDEX;
16488;;YOUIFRP1XXX;YOUNITED;75009;PARIS;
16560;;CCMOFR21XXX;Caisse de crédit municipal de Bordeaux;33074;BORDEAUX CEDEX;
16588;;SFILFRPPXXX;SFIL S.A.;75015;PARIS;
16606;;AGRIFRPP866;Caisse régionale de crédit agricole mutuel de Normandie;14050;CAEN CEDEX 14;
16607;;;Banque populaire du Sud;66966;PERPIGNAN CEDEX 09;
16700;;;Cicobail;75013;PARIS 13;
16706;;AGRIFRPP867;Caisse régionale de crédit agricole mutuel Nord de France;59020;LILLE CEDEX;
16806;;AGRIFRPP868;Caisse régionale de crédit agricole mutuel de Centre France - Crédit agricole  Centre France (3ème du nom);63000;CLERMONT FERRAND;
16807;;;BANQUE POPULAIRE AUVERGNE RHONE ALPES;69003;Lyon;
16850;;AGRIFRP1EFG;Crédit agricole leasing & factoring;92548;MONTROUGE CEDEX;
16906;;AGRIFRPP869;Caisse régionale de crédit agricole mutuel Pyrénées-Gascogne;65003;TARBES CEDEX;
16989;;CAVNFR21XXX;Mobilis banque;59100;ROUBAIX;
17060;;;SOCIETE GENERALE Factoring;94120;Fonenay sous bois;
17100;;;Caisse de crédit municipal de Strasbourg;67000;STRASBOURG;
17106;;AGRIFRPP871;Caisse régionale de crédit agricole mutuel Sud-Méditerranée (Ariège et Pyrénées-Orientales);66832;PERPIGNAN CEDEX;
17150;;CCUTFR21XXX;Caisse de crédit municipal de Toulon;83000;TOULON;
17206;;AGRIFRPP872;Caisse régionale de crédit agricole mutuel Alsace Vosges;67008;STRASBOURG;
17439;;SODIRER1XXX;SOFIDER;97477;SAINT-DENIS CEDEX;
17510;;;Créatis;59650;VILLENEUVE D ASCQ;
17515;;;Caisse d'épargne et de prévoyance Ile-de-France;75021;PARIS CEDEX 1;
17519;;BACPFRPPXXX;Banque centrale de compensation;75002;PARIS 02;
17549;;;Natiocrédibail;92000;NANTERRE;
17569;;CMBMMCMXXXX;CMB MONACO;98007;MONACO;
17579;;;Bank Tejarat;75008;PARIS 08;
43899;;UBAFFRPPXXX;Union de banques arabes et françaises - U.B.A.F.;92066;PARIS LA DEFENSE CEDEX;
44149;;ESCBFRPPBDF;Banque d'escompte;75009;PARIS 09;
44269;;;Bank Saderat Iran;75002;PARIS 02;
44319;;;Louvre Banque Privée;75001;PARIS 01;
44729;;BSCHFRPPXXX;Banco Santander SA;75008;PARIS 08;
45539;;CMCIFRPACCM;Caisse centrale du crédit mutuel;75017;PARIS;
45850;;ODDOFRCPXXX;Oddo BHF SCA;75009;PARIS 09;
17599;;BLOMFRPPXXX;Banque Banorient France;75008;PARIS 08;
17619;;BEMOFRPPXXX;BEMO EUROPE - BANQUE PRIVEE;75116;PARIS 16;
17620;;CCMNFR21XXX;Caisse de crédit municipal de Nîmes;30013;NIMES CEDEX 01;
17629;;COBAFRPXMCA;Commerzbank ag;75084;PARIS CEDEX 02;
17660;;;Généfim;75009;PARIS 09;
17679;;SEBXFRP1XXX;Société de banque et d'expansion - S.B.E. (2ème du nom);92800;Puteaux;
17779;;SBAAFRPPXXX;Banque SBA;75008;PARIS 08;
17789;;DEUTFRPPXXX;Deutsche Bank AG;75008;PARIS CEDEX 08;
17799;;SEPBFRPPXXX;Bank Sepah;75116;PARIS;
17806;;AGRIFRPP878;Caisse régionale de crédit agricole mutuel Centre-Est;69410;CHAMPAGNE AU MONT D OR;
17807;;;Banque populaire Occitane;31130;BALMA;
17839;;GMACFR22XXX;Stellantis Bank;78300;Poissy;
17906;;AGRIFRPP879;Caisse régionale de crédit agricole mutuel de l'Anjou et du Maine;72083;LE MANS CEDEX 9;
17919;;QNBAFRPPXXX;Qatar national bank;75116;PARIS 16;
17959;;BAMYFR22XXX;Banque Michel Inchauspé - BAMI;64100;BAYONNE;
17979;;ARABFRPPXXX;ARAB BANK EUROPE SA;75008;PARIS 08;
17989;;;FIRST ABU DHABI BANK;75008;PARIS 08;
16275;;;Caisse d'épargne et de prévoyance Hauts de France;59800;LILLE;
18029;;;BNP Paribas Personal Finance;75009;PARIS 09;
18050;;CCMLFR21XXX;Caisse de crédit municipal de Lyon;69396;LYON CEDEX 03;
18059;;MIDLFRPXXXX;HSBC Bank Plc, Paris Branch;75116;PARIS;
18079;;SOGEGPGPXXX;CCF;75007;PARIS;
18089;;AUDIFRPPXXX;Bank Audi France;75008;PARIS 08;
18106;;AGRIFRPP881;Caisse régionale de crédit agricole mutuel des Savoie;74985;ANNECY LE VIEUX;
18129;;ISAEFRPPXXX;CACEIS Bank;92120;Montrouge;
18160;;;Caisse de crédit municipal de Nancy;54064;NANCY CEDEX;
18189;;CGCPFRPLXXX;Compagnie générale de crédit aux particuliers - Crédipar;78300;POISSY;
18206;;AGRIFRPP892;Caisse régionale de crédit agricole mutuel de Paris et d'Ile-de-France;75596;PARIS CEDEX 12;
18280;;;Unifergie - Union pour le financement des économies d'énergie;92548;MONTROUGE CEDEX;
18306;;AGRIFRPP883;Caisse régionale de crédit agricole mutuel Normandie-Seine;76238;BOIS GUILLAUME CEDEX;
18315;;;Caisse d'épargne et de prévoyance Côte d'Azur;06205;NICE CEDEX 3;
18359;;CPMEFRPPXXX;Bpifrance;94710;MAISONS - ALFORT;
18450;;CMROFR21XXX;Caisse de crédit municipal de Roubaix;59061;Roubaix Cédex 1;
18470;;CCMTFR21XXX;Caisse de crédit municipal de Nantes;44006;Nantes Cedex 1;
18530;;;Natiocredimurs, société en nom collectif;92000;NANTERRE;
18569;;BMISFRPPXXX;Banque Misr;75008;PARIS 08;
18610;;;Compagnie pour la location de véhicules - CLV;78307;POISSY Cedex;
13369;;BMMMFRCPXXX;ROTHSCHILD & CO MARTIN MAUREL;75008;PARIS 08;
18689;;FRAFFRPPXXX;Fransabank France S.A.;75008;PARIS 08;
18706;;AGRIFRPP887;Caisse régionale de crédit agricole mutuel Brie Picardie;80095;AMIENS CEDEX 3;
18707;;;Banque populaire Val de France (2ème du nom);78180;MONTIGNY LE BRETONNEUX;
18715;;;Caisse d'épargne et de prévoyance d'Auvergne et du Limousin;63000;CLERMONT FERRAND;
18719;;BFCORERXXXX;Banque Française Commerciale Océan Indien;97404;ST DENIS CEDEX;
18759;;EFGBMCMCXXX;EFG Bank (Monaco);98000;MONACO;
18769;;BKCHFRPPXXX;Bank of China limited;75116;PARIS 16;
18789;;ICBCFRPPXXX;Mega international commercial bank Co, Ltd;92800;PUTEAUX;
18829;;;Arkéa banque entreprises et institutionnels;35760;SAINT GREGOIRE;
18869;;FEMUFR21BDF;Banque française mutualiste - B.F.M.;75013;PARIS;
18919;;;NATIXIS WEALTH MANAGEMENT;75002;PARIS;
18950;;CSCAFR21XXX;Caisse de crédit municipal d'Avignon;84009;AVIGNON CEDEX 1;
18979;;ABCOFRPPXXX;ARAB BANKING CORPORATION SA;75009;PARIS;
18989;;;Aareal Bank AG;75008;PARIS 08;
19000;;IVSTFRP1XXX;Société auxiliaire d'études et d'investissements mobiliers - Investimo;75738;PARIS CEDEX 15;
19063;;;Landesbank Saar (SAARLB);57000;METZ;
19069;;KBLXFRPPXXX;BANQUE RICHELIEU FRANCE;75008;PARIS 08;
19106;;AGRIFRPP891;Caisse régionale de crédit agricole mutuel Provence-Côte d'Azur (Alpes de Haute-Provence-Alpes-maritimes-Var);83300;DRAGUIGNAN;
19169;;;Finamur;92548;MONTROUGE CEDEX;
19229;;BSABFRPPXXX;Banco de Sabadell;75008;PARIS 08;
19250;;;Compagnie générale de location d'équipements C.G.L.;59708;MARCQ-EN-BAROEUL CEDEX;
19259;;;Sogefimur;75009;PARIS 09;
19269;;;Génébanque;92800;PUTEAUX;
19406;;AGRIFRPP894;Caisse régionale de crédit agricole mutuel de la Touraine et du Poitou;86008;POITIERS CEDEX;
19460;;SFAXFRPPXXX;Sofax banque;92400;COURBEVOIE;
19506;;AGRIFRPP895;Caisse régionale de crédit agricole mutuel du Centre Ouest;87044;LIMOGES CEDEX;
19530;;AGRIFRPIXXX;AMUNDI;75015;PARIS;
19730;;NOMAFRPPXXX;Banque Nomura France;75773;PARIS CEDEX 16;
19806;;AGRIMQMXXXX;Caisse régionale de crédit agricole mutuel de la Martinique et de la Guyane;97232;LE LAMENTIN CEDEX 2;
19870;;SOAPFR22XXX;Carrefour banque;91000;EVRY-COURCOURONNES;
19906;;AGRIRERXXXX;Caisse régionale de crédit agricole mutuel de la Réunion;97462;SAINT-DENIS CEDEX;
20041;;PSSTFRPPXXX;La Banque Postale;75275;PARIS CEDEX 06;
21570;;STFEFR21XXX;SOCIÉTÉ FINANCIÈRE DE LA N.E.F.;69120;VAULX EN VELIN;
21670;;CPBIFRPPXXX;Loomis FX, Gold and Services;94250;Gentilly;
22040;;CMCIFRPACCM;CONFEDERATION NATIONALE CREDIT MUTUEL;75017;PARIS;
22970;;;Epargne crédit des militaires (E.C.M.);83100;Toulon;
23779;;BYBBFRPPXXX;Byblos bank Europe;75008;PARIS 08;
24349;;BJSBMCMXXXX;Banque J. Safra Sarasin (Monaco) SA;98000;MONACO;
24599;;PRIVFRPPXXX;Milleis Banque;75008;PARIS 08;
24659;;BCIBFRP1XXX;Banque Chabrières;75737;PARIS CEDEX 15;
25080;;;Axa banque financement;94138;FONTENAY-SOUS-BOIS CEDEX;
27800;;KREDFRPPXXX;KBC bank;59030;LILLE CEDEX;
28570;;CMDIFR21XXX;Caisse de crédit municipal de Dijon;21078;DIJON CEDEX;
30002;;CRLYFRPPXXX;CREDIT LYONNAIS (LCL);94811;VILLEJUIF CEDEX;
30003;;SOGEFRPPXXX;Société générale S.A.;92972;La Défense cedex;
30004;;BNPAFRPPXXX;BNP Paribas;75009;PARIS;
30006;;AGRIFRPPXXX;Crédit Agricole S.A.;92120;MONTROUGE;
30007;;NATXFRPPXXX;Natixis;75013;PARIS 13;
30027;;;Banque CIC Nord Ouest;59800;LILLE;
30047;;;Banque CIC Ouest;44040;NANTES CEDEX 1;
30051;;CFFOFRCCXXX;Compagnie de financement foncier;75013;PARIS 13;
30056;;CCFRFRPPXXX;HSBC Continental Europe;75116;PARIS;
30066;;CMCIFRPPXXX;Crédit industriel et commercial - CIC;75009;PARIS 09;
30087;;;Banque CIC Est;67958;STRASBOURG CEDEX 9;
30258;;;Banque du bâtiment et des travaux publics - BTP banque;75116;PARIS 16;
30438;;INGBFRPPXXX;ING Bank NV;75012;PARIS 12;
30478;;MONTFRPPXXX;Monte Paschi banque S.A.;75001;PARIS 01;
30568;;;Banque Transatlantique S.A.;75372;PARIS CEDEX 08;
30588;;BARCFRPPXXX;Barclays Bank Ireland;75008;PARIS;
30628;;CHASFRPPXXX;JPMorgan Chase bank, National Association;75001;PARIS 01;
30748;;LAZPFRPPXXX;Lazard Frères Banque;75008;PARIS 08;
30958;;;BNP Paribas Lease Group;92000;NANTERRE;
31489;;BSUIFRPPXXX;CREDIT AGRICOLE CORPORATE AND INVESTMENT BANK;92547;MONTROUGE CEDEX;
40031;;CDCGFRPPXXX;Caisse des dépôts et consignations - section générale;75356;PARIS 07SP;
40398;;BICFFRPPXXX;Banque internationale de commerce - BRED;75012;PARIS 12;
40618;;BOUSFRPPBDF;Boursorama;92100;BOULOGNE BILLANCOURT;
40978;;BSPFFRPPXXX;Banque Palatine;75382;PARIS CEDEX08;
41189;;BBVAFRPPBDF;Banco Bilbao Vizcaya Argentaria (BBVA);75001;PARIS 01;
41219;;BOFAFRPPXXX;BANK OF AMERICA EUROPE DESIGNATED ACTIVITY COMPANY;75008;PARIS;
41249;;BOTKFRPXXXX;MUFG Bank, Ltd;75002;PARIS;
41259;;;Bank Melli Iran;75008;PARIS 08;
41439;;BCDMFRPPXXX;Banque Chaabi du Maroc;75116;PARIS 16;
41539;;AGRIFRP1ACF;CA Consumer Finance;91068;MASSY CEDEX;
41639;;NBOKFRPPXXX;NBK France SA;75008;PARIS;
41829;;LICOFRPPXXX;Al Khaliji France;75008;PARIS 08;
41919;;BNPARERXPOR;BNP Paribas Réunion;75009;PARIS 09;
42559;;;CREDIT COOPERATIF;92024;NANTERRE;
23890;;BCMAFRPPTGT;Attijariwafa bank europe;92800;Puteaux;
42799;;MOEYFRPPMON;My Money Bank;92063;PARIS LA DEFENSE CEDEX;
43199;;CFFRFRPPXXX;Crédit Foncier de France;75013;PARIS 13;
43629;;;Société anonyme de crédit à l'industrie française (C.A.L.I.F.);75886;PARIS CEDEX 18;
43799;;SIBLFRPPXXX;CA INDOSUEZ;75008;PARIS;
43849;;;Tunisian foreign bank;75001;PARIS 01;
19533;;;BANK OF COMMUNICATIONS (LUXEMBOURG) S.A.;75008;PARIS;
21733;;;Adyen N.V.;75009;PARIS;
20433;;;N26 BANK SE;75002;PARIS;
13558;;AUXPFR21XXX;Auxifip;92548;MONTROUGE CEDEX;
13579;;BSAOFR21XXX;Banque Saint-Olive;69006;LYON 06;
13580;;;FACTOFRANCE;92988;PARIS-LA DEFENSE CEDEX;
13606;;AGRIFRPP836;Caisse régionale de crédit agricole mutuel d'Ille-et-Vilaine;35136;ST JACQUES DE LA LANDE;
13698;;ESFTFR21XXX;Ester finance technologies;92547;MONTROUGE;
13733;;;The bank of New York Mellon SA/NV;75109;PARIS;
13769;;;Société générale pour le développement des opérations de crédit-bail immobilier- Sogebail;75009;PARIS 09;
13807;;;Banque populaire Grand Ouest;35760;SAINT GREGOIRE;
13825;;;Caisse d'épargne et de prévoyance de Rhône Alpes;69404;LYON Cedex 03;
13838;;;CNH Industrial Capital Europe;92000;NANTERRE;
13878;;;Toyota Kreditbank GmbH - Toyota France financement;92420;VAUCRESSON;
13906;;AGRIFRPP839;Caisse régionale de crédit agricole mutuel Sud Rhône-Alpes;38000;GRENOBLE;
14006;;AGRIGPGXXXX;Caisse régionale de crédit agricole mutuel de la Guadeloupe;97176;ABYMES CEDEX;
14078;;;Caisse de crédit municipal de Lille;59040;LILLE CEDEX;
14120;;LEGRFRP1XXX;GRESHAM Banque;75008;PARIS;
14218;;;Claas financial services;92000;NANTERRE;
14265;;;Caisse d'épargne et de prévoyance Loire Drôme Ardèche;42012;SAINT-ETIENNE CEDEX 2;
12933;;;Caixabank;75116;PARIS;
11728;;;MMB SCF;92063;Paris La Défense Cedex;
16998;;;ROYAL BANK OF CANADA;75008;PARIS;
14318;;;BRED Gestion;75012;PARIS 12;
14328;;;Amundi finance;75015;PARIS 15;
14388;;DXMAFRPPXXX;Caisse Française de Financement Local;75015;PARIS;
14406;;AGRIFRPP844;Caisse régionale de crédit agricole mutuel Val de France;28023;CHARTRES CEDEX;
14445;;;Caisse d'épargne et de prévoyance Bretagne-Pays de Loire;44003;NANTES;
14478;;;ROTHSCHILD & CO WEALTH MANAGEMENT MONACO;98000;MONACO;
14505;;;Caisse d'épargne et de prévoyance Loire-Centre;45000;ORLEANS;
14506;;AGRIFRPP845;CR CREDIT AGRICOLE MUTUEL LOIRE HTE LOIR;42000;ST ETIENNE;
14508;;BAERMCMCXXX;BANK JULIUS BAER (MONACO) S.A.M.;98000;Monaco;
14518;;;ARKEA DIRECT BANK;92800;PUTEAUX;
14607;;;BANQUE POPULAIRE MEDITERRANEE;06200;Nice;
14628;;;FLOA;33300;BORDEAUX;
14633;;WUIGFRP1XXX;Western union international bank GmbH;92095;LA DEFENSE Cedex;
14648;;;Capitole Finance - Tofinso;31682;LABEGE CEDEX;
14658;;CIERFRP1XXX;CIF EUROMORTGAGE;75008;PARIS 08;
14690;;;Monabanq.;59650;VILLENEUVE D ASCQ;
14706;;AGRIFRPP847;Caisse régionale de crédit agricole mutuel Atlantique Vendée;44949;NANTES CEDEX9;
14707;;;Banque populaire Alsace Lorraine Champagne;57021;METZ CEDEX 1;
16433;;;J.P. Morgan SE;75001;PARIS;
23033;;;HOIST FINANCE AB;59700;MARCQ EN BAROEUL;
24333;;UBSWFRPPXXX;UBS Europe SE;75008;PARIS;
23133;;;NATWEST MARKETS N.V.;75008;PARIS;
23733;;;Standard Chartered Bank AG;75008;PARIS;
24733;;;Bank of Montreal Europe plc;75001;PARIS;
24833;;;State Street Bank International GmbH;92400;COURBEVOIE;
00006;;;Caisse des dépôts et consignations - fonds d'épargne;75914;PARIS CEDEX 13;
10057;;;Banque CIC Sud Ouest;33058;BORDEAUX CEDEX;
10096;;;Lyonnaise de banque;69207;LYON CEDEX 01;
10107;;BREDFRPPXXX;BRED - Banque populaire;75012;PARIS 12;
10108;;;Bayerische Landesbank;75380;PARIS CEDEX 08;
10128;;BCITFRPPXXX;Intesa Sanpaolo SpA;75002;PARIS 02;
10140;;CCMRFR21XXX;Caisse de crédit municipal de Marseille;13232;MARSEILLE CEDEX 1;
10160;;;CRÉDIT MOBILIER DE MONACO;98000;ONACO;
16608;;;LA BANQUE POSTALE HOME LOAN SFH;75275;PARIS CEDEX 06;
17863;;;Deutsche Pfandbriefbank AG;75009;PARIS 09;
16618;;;The Export-Import Bank of China;75008;PARIS;
17188;;;AXA Home Loan SFH;94138;FONTENAY-SOUS-BOIS;
25533;;;Goldman Sachs Bank Europe SE;75116;PARIS;
25933;;;DekaBank Deutsche Girozentrale;75009;PARIS;
13188;;;PORTZAMPARC;75009;PARIS 09;
19553;;PROCFRPPXXX;Arkéa ProCapital Services;92400;COURBEVOIE;
45418;;;BNP PARIBAS FINANCIAL MARKETS;75009;PARIS;
12148;;;SG option Europe;75886;PARIS CEDEX 18;
12583;;BOFAFRP3XXX;BofA Securities Europe SA;75008;Paris;
23233;;;Citigroup global markets Europe AG;75008;PARIS;
23633;;;MUFG SECURITIES (EUROPE) N.V.;75002;PARIS;
11998;;;Unicredit Bank GmbH;75008;PARIS 08;
17628;;;The Access Bank UK Limited;75002;PARIS;
922577887;;;BEA INTERNATIONAL BANK S.A.;75008;PARIS 16 EME;
17708;;AGRIFRP1FHS;CREDIT AGRICOLE FINANCEMENT DE L HABITAT SFH;92120;MONTROUGE;
31033;;MHCBFRPPXXX;Mizuho Bank Europe N.V. Paris Branch;75008;PARIS;
980884084;;BIKCFRP1XXX;Saxo Bank A/S;75002;PARIS;
17858;;;ZENITH BANK (UK) LIMITED;75002;PARIS;
31233;;;Trade Republic Bank GmbH;92200;NEUILLY SUR SEINE;
14228;;;SGB Finance;59700;MARCQ EN BAROEUL;
42529;;COFIFRCPXXX;Edmond de Rothschild (France);75008;PARIS 08;
31333;;;Banque Internationale à Luxembourg S.A.;75008;PARIS;
989253778;;;Landesbank Baden-Württemberg;75116;PARIS;
915062012;;SAOFFR21HAM;Open Bank, S.A.;92300;LEVALLOIS PERRET;
13048;;;VISTA BANK FRANCE;75009;PARIS;
10188;;BCHAFR21XXX;Banque Chalus;63002;CLERMONT-FERRAND;
10206;;AGRIFRPP802;Caisse régionale de crédit agricole mutuel du Nord Est;51088;REIMS CEDEX;
10207;;;Banque populaire Rives de Paris;75013;PARIS 13;
10218;;RABOFRPPXXX;Coöperatieve Rabobank U.A.;75008;PARIS;
10278;;;Caisse fédérale de crédit mutuel;67000;STRASBOURG;
10548;;;Banque de Savoie;73024;CHAMBERY CEDEX;
10807;;;Banque populaire Bourgogne Franche-Comté;21008;DIJON CEDEX;
10907;;;Banque populaire Aquitaine Centre Atlantique;33100;BORDEAUX;
10918;;CHDUFRPPXXX;Cholet Dupont Oudart;75008;PARIS 08;
11006;;AGRIFRPP810;Caisse régionale de crédit agricole mutuel de Champagne-Bourgogne;10080;TROYES CEDEX;
11128;;;BPCE lease;75013;PARIS 13;
11138;;;BPCE Factor;75013;PARIS 13;
11188;;RCINFRPPXXX;RCI Banque;75002;PARIS;
11206;;AGRIFRPP812;Caisse régionale de crédit agricole mutuel Nord Midi-Pyrénées;81022;ALBI CEDEX 9;
11238;;SWILFRPPBDF;SwissLife banque privée;75001;PARIS 01;
17978;;;ANZ Europe SA (ANZ EU);75008;PARIS;
17988;;;REVOLUT BANK S.A.;75116;PARIS;
11306;;AGRIFRPP813;Caisse régionale de crédit agricole mutuel Alpes Provence;13097;AIX EN PROVENCE Cedex2;
11307;;;CASDEN Banque Populaire;77420;CHAMPS SUR MARNE;
11315;;;Caisse d'Epargne CEPAC;13254;MARSEILLE CEDEX 6;
11380;;CRRHFRPAXXX;C.R.H. - Caisse de refinancement de l'habitat;75008;PARIS 08;
11425;;;Caisse d'épargne et de prévoyance Normandie;76230;BOIS GUILLAUME BIHOREL;
11438;;HRFRFRP2XXX;Banque Hottinguer;75009;PARIS 09;
11449;;BDEIFRPPXXX;BANQUE FIDUCIAL;92400;COURBEVOIE;
11470;;;Natixis coficiné;75116;PARIS 16;
11550;;;Caisse de crédit municipal de Toulouse;31006;TOULOUSE CEDEX;
11600;;;Crédit mutuel Real Estate Lease;75107;PARIS CEDEX 02;
11668;;BERLMCMCXXX;Edmond de Rothschild (Monaco);98006;MONACO CEDEX;
11706;;AGRIFRPP817;Caisse régionale de crédit agricole mutuel Charente-Maritime Deux-Sèvres;17140;LAGORD;
11808;;CMCIFRPAXXX;Banque fédérative du crédit mutuel;67000;STRASBOURG;
11833;;ICBKFRPPXXX;Industrial and commercial bank of China (Europe) SA - ICBC (Europe) SA;75008;PARIS 08;
11899;;;Banque Européenne du Crédit Mutuel;67000;STRASBOURG;
11978;;;Crédit Mutuel Factoring;92988;PARIS LA DEFENSE CEDEX;
11989;;BREDFRPPXXX;Banque Pouyanne;64300;ORTHEZ;
11999;;UBSWMCMXXXX;UBS (MONACO) S.A.;98000;MONACO;
12006;;AGRIFRPP820;Caisse régionale de crédit agricole mutuel de la Corse;20700;AJACCIO CEDEX 9;
12128;;;Société centrale pour le financement de l'immobilier - Socfim;75015;PARIS 15;
12135;;;Caisse d'épargne et de prévoyance de Bourgogne Franche-Comté;21000;DIJON;
25833;;;Macquarie Bank Europe Designated Activity Company;75008;PARIS;
17288;;;Bank PICTET & CIE (Europe) AG;98000;MONACO;
26633;;;Allfunds Bank, S.A.U.;75009;PARIS;
27033;;;Riverbank S.A.;75008;PARIS;
17338;;MEMOFRP2XXX;MEMO BANK;75010;PARIS;
27133;;NSMBFRPPXXX;ABN Amro Bank NV;75008;PARIS;
27533;;;SMBC Bank EU AG;75008;PARIS;
17128;;BPLCFRPPXXX;BARCLAYS BANK PLC, FRENCH BRANCH;75008;PARIS;
27633;;;BUNQ B.V;75011;PARIS;
27733;;;CA Auto Bank S.p.A. Succursale en France;78190;TRAPPES;
28033;;;KLARNA BANK AB;75009;PARIS;
28233;;;REVOLUT BANK UAB;75008;PARIS;
30133;;;Banque J. Safra Sarasin (Luxembourg) SA, Succursale en France;75008;PARIS;
14733;;;SEB Kort Bank AB;75017;PARIS;
14433;;;Morgan stanley europe SE;75008;PARIS;
12179;;BIARFRPPXXX;Banque BIA;75008;PARIS 08;
12206;;AGRIFRPP822;Caisse régionale de crédit agricole mutuel des Côtes-d'Armor;22440;PLOUFRAGAN;
12240;;AGFBFRCCXXX;Allianz banque;92076;Paris La défense Cedex;
12249;;BMCEFRPPXXX;BANK OF AFRICA UNITED KINGDOM PLC (succursale de Paris);75008;PARIS;
12280;;SORMFR2NXXX;Socram banque;79092;NIORT CEDEX 9;
12406;;AGRIFRPP824;Caisse régionale de crédit agricole mutuel Charente-Périgord (Crédit agricole  Charente-Périgord);16024;ANGOULEME CEDEX;
12420;;;Caisse de crédit municipal de Reims;51100;REIMS;
12448;;BAECMCMXXXX;Barclays bank plc monaco;98000;Monaco;
12468;;BCGEFR21XXX;Banque cantonale de Genève (France) S.A.;69001;LYON 01;
12478;;;FCE bank plc;78174;ST GERMAIN EN LAYE CEDEX;
12506;;AGRIFRPP825;Caisse régionale de crédit agricole mutuel de Franche-Comté;25084;BESANCON CEDEX 9;
12548;;AXABFRPPXXX;Axa banque;94138;FONTENAY-SOUS-BOIS CEDEX;
12579;;;Banque BCP;75001;PARIS;
12619;;CGDIFRPPXXX;Caixa geral de depositos S.A.;75009;PARIS 09;
12739;;CFMOMCMXXXX;CFM Indosuez Wealth;98012;Monaco cedex;
12749;;;BPCE Bail;75013;PARIS 13;
12779;;;BRED Cofilease;75012;PARIS 12;
12818;;;Institut pour le financement du cinéma et des industries culturelles - I.F.C.I.C.;75009;PARIS;
17538;;;National Australia Bank Europe S.A;75002;PARIS;
29333;;;HSBC PRIVATE BANK (LUXEMBOURG) S.A.;75116;PARIS 16;
15333;;;Toyota material handling commercial finance AB;77600;BUSSY ST GEORGE;
16648;;UBPGMCMXXXX;UNION BANCAIRE PRIVEE, UBP SA;98000;GENEVE;
12869;;BACCFR22XXX;ONEY BANK;59170;CROIX CEDEX;
12879;;DELUFR22LCH;Banque Delubac et Cie;07160;LE CHEYLARD;
12906;;AGRIFRPP829;Caisse régionale de crédit agricole mutuel du Finistère;29555;QUIMPER CEDEX 9;
12978;;;JCB Finance;92000;NANTERRE;
13070;;;Crédit Mutuel Leasing;92988;PARIS LA DEFENSE CEDEX;
13088;;;BNP PARIBAS ANTILLES-GUYANE;75009;PARIS 09;
13106;;AGRIFRPP831;Caisse régionale de crédit agricole mutuel Toulouse 31;31005;TOULOUSE CEDEX 6;
13135;;;Caisse d'épargne et de prévoyance de Midi-Pyrénées;31100;TOULOUSE;
13149;;EDELFRP1001;Banque Edel SA;31676;LABEGE CEDEX;
13150;;;LixxBail;92548;MONTROUGE CEDEX;
13306;;AGRIFRPP833;Caisse régionale de crédit agricole mutuel d'Aquitaine;33076;BORDEAUX CEDEX;
13335;;;Caisse d'épargne et de prévoyance Aquitaine Poitou-Charentes;33076;BORDEAUX CEDEX;
13338;;KBLXMCMCXXX;BANQUE RICHELIEU MONACO;98000;MONACO;
13368;;SGBTMCMCXXX;Société générale private banking (Monaco);98000;MONACO;
13485;;;Caisse d'épargne et de prévoyance du Languedoc Roussillon;34184;MONTPELLIER CEDEX 4;
13506;;AGRIFRPP835;Caisse régionale de crédit agricole mutuel du Languedoc;34977;LATTES CEDEX;
13507;;;Banque populaire du Nord;59700;MARCQ EN BAROEUL;
13528;;UNCRFRPPXXX;Unicredit SpA;75008;PARIS 08;
19973;;;Mirabaud & Cie (Europe) SA;75008;PARIS;
16688;;AGFOFR21XXX;AGENCE FRANCE LOCALE;69003;LYON;
16773;;;Lombard Odier (Europe) S.A;75008;PARIS;
16668;;ANZBFRPPXXX;Australia and New Zealand banking group limited;75008;PARIS;
18233;;;CHINA CONSTRUCTION BANK (EUROPE) S.A;75008;PARIS;
11689;;CITIFRPPSEC;CITIBANK EUROPE PUBLIC LIMITED COMPANY;75008;PARIS;
